link,Advanced Runs,Number Lifts,Address,Intermediate Runs,Skiable Terrain,City,Max Ticket Price,Terrain Parks,Min Ticket Price,Expert Runs,Resort Name,Latitude,Average Snowfall,Longitude,Night Skiing,Beginner Runs,Runs,Open/Close Dates,Rating,Zip Code,State,Elevation
http://www.onthesnow.com/washington/49-degrees-north/ski-resort.html,25,7,P.O. Box 166,40,2325,Chewelah,55.00,1,0.00,5,49 Degrees North,48.3231391,301,-117.6990178,True,30,82,12/ 6-4/ 5,3,99109,Washington,3931ft - 5774ft
http://www.onthesnow.com/minnesota/afton-alps/ski-resort.html,17,22,6600 Peller Avenue South,42,250,Hastings,N/A,5,N/A,0,Afton Alps,44.8544669,60,-92.79069779999999,True,42,48,11/27-3/27,2.9,55033,Minnesota,1180ft - 1530ft
http://www.onthesnow.com/washington/alpental/ski-resort.html,38,5,POB 1068,17,825,Snoqualmie,66.00,0,12.00,42,Alpental,47.549428,429,-121.779668,True,4,24,12/12-5/ 5,3.1,98068,Washington,3140ft - 5420ft
http://www.onthesnow.com/pennsylvania/alpine-mountain/ski-resort.html,24,5,PO Box 309,38,99,Analomink,55.00,1,0.00,14,Alpine Mountain,41.051204,50,-75.2204589,True,24,21,1/ 7-3/13,3,18320,Pennsylvania,650ft - 1150ft
http://www.onthesnow.com/ohio/alpine-valley/ski-resort.html,33,5,10620 Mayfield,34,72,Chesterland,43.00,1,10.00,0,Alpine Valley,41.52687,120,-81.2597447,True,33,11,1/ 3-3/22,3,44026,Ohio,1260ft - 1500ft
http://www.onthesnow.com/wisconsin/alpine-valley-resort/ski-resort.html,20,13,P.O. Box 615,40,90,East,N/A,3,N/A,0,Alpine Valley Resort,47.0807296,80,-86.7639767,True,40,20,11/24-3/16,2.9,53120,Wisconsin,1020ft - 1260ft
http://www.onthesnow.com/michigan/alpine-valley-ski-area/ski-resort.html,30,14,6775 E. Highland Road,36,100,White,N/A,3,N/A,0,Alpine Valley Ski Area,42.6308531,20,-83.8203273,True,34,25,11/25-3/15,3,48383,Michigan,126ft - 500ft
http://www.onthesnow.com/utah/alta-ski-area/ski-resort.html,35,11,P.O. Box 8007,40,2200,Alta,89.00,0,0.00,0,Alta Ski Area,40.593733,560,-111.59393,False,25,116,11/20-4/24,3.8,84092,Utah,8529ft - 10550ft
http://www.onthesnow.com/alaska/alyeska-resort/ski-resort.html,37,9,P.O. Box 249,52,1610,Girdwood,75.00,3,25.00,0,Alyeska Resort,60.97004949999999,650,-149.1235655,True,11,76,11/26-4/19,2.9,99587,Alaska,250ft - 2750ft
http://www.onthesnow.com/minnesota/andes-tower-hills-ski-area/ski-resort.html,44,4,4505 Andes Road Southwest,25,35,Kensington,39.00,2,0.00,6,Andes Tower Hills Ski Area,45.850975,55,-95.6304971,True,25,16,11/21-3/29,2.6,56343,Minnesota,1330ft - 1620ft
http://www.onthesnow.com/new-mexico/angel-fire-resort/ski-resort.html,36,7,P.O. Box 130,46,560,Angel,N/A,4,N/A,0,Angel Fire Resort,18.9906526,210,-98.20553059999999,True,18,79,12/11-3/20,3.7,87710,New Mexico,8600ft - 10677ft
http://www.onthesnow.com/oregon/anthony-lakes-mountain-resort/ski-resort.html,0,3,47500 Anthony Lake Highway,38,1500,North,35.00,2,0.00,42,Anthony Lakes Mountain Resort,44.985539,300,-117.9930931,False,20,21,12/ 5-4/ 5,3,97867,Oregon,7100ft - 8000ft
http://www.onthesnow.com/north-carolina/appalachian-ski-mtn/ski-resort.html,25,5,PO Box 106,50,27,Blowing,60.00,3,0.00,0,Appalachian Ski Mountain,36.1994303,50,-81.52136949999999,True,25,12,11/24-4/ 3,3.1,28605,North Carolina,3635ft - 4000ft
http://www.onthesnow.com/michigan/apple-mountain/ski-resort.html,20,6,4519 N. River Road,40,80,Freeland,35.00,0,0.00,0,Apple Mountain,43.4726183,52,-84.101799,True,40,12,1/ 6-3/15,2.8,48623,Michigan,600ft - 820ft
http://www.onthesnow.com/colorado/arapahoe-basin-ski-area/ski-resort.html,37,8,PO Box 5808,30,960,Dillon,76.00,3,36.00,23,Arapahoe Basin Ski Area,39.63669489999999,350,-106.0153249,False,10,109,10/29-6/ 5,3.5,80435,Colorado,10779ft - 13050ft
http://www.onthesnow.com/arizona/arizona-snowbowl/ski-resort.html,21,7,P.O. Box 40,42,777,Flagstaff,69.00,3,35.00,0,Arizona Snowbowl,35.2401021,240,-111.50679,False,37,40,11/20-4/10,3.1,86002,Arizona,9200ft - 11500ft
http://www.onthesnow.com/colorado/aspen-snowmass/ski-resort.html,26,43,P.O. Box 1248,48,5547,Aspen,139.00,0,89.00,26,Aspen / Snowmass,39.21978500000001,300,-106.8013911,False,0,329,11/21-4/17,4.3,81612,Colorado,7879ft - 12510ft
http://www.onthesnow.com/new-hampshire/attitash/ski-resort.html,28,11,PO Box 308,46,311,Bartlett,79.00,5,40.00,0,Attitash,44.1398719,120,-71.08391499999999,False,26,68,12/26-4/ 3,3,03812,New Hampshire,600ft - 2350ft
http://www.onthesnow.com/california/badger-pass/ski-resort.html,15,5,9001 Village Dr.,50,88,Yosemite,48.50,2,22.00,0,Badger Pass,37.6421014,300,-118.9715843,False,35,10,12/12-3/29,3.1,95389,Sierra Nevada,7200ft - 7800ft
http://www.onthesnow.com/pennsylvania/bear-creek-mountain-resort/ski-resort.html,30,6,101 Doe Mountain Lane,40,86,Macungie,63.00,3,0.00,0,Bear Creek Mountain Resort,40.4765321,30,-75.6256248,True,30,23,1/ 7-3/22,3.2,18062,Pennsylvania,600ft - 1100ft
http://www.onthesnow.com/california/bear-mountain/ski-resort.html,14,12,P.O. Box 77,52,N/A,Big,N/A,2,N/A,10,Bear Mountain,37.333461,100,-118.800585,False,24,29,11/13-3/29,3.2,92315,Big Bear Lake,7139ft - 8804ft
http://www.onthesnow.com/california/bear-valley/ski-resort.html,35,10,P.O. Box 5038,40,1680,Bear,69.00,3,25.00,0,Bear Valley,28.315913,359,-82.677463,False,25,75,11/28-4/13,3.6,95223,Sierra Nevada,6600ft - 8500ft
http://www.onthesnow.com/colorado/beaver-creek/ski-resort.html,21,25,PO Box 7,43,1832,Vail,N/A,3,N/A,17,Beaver Creek,39.6522939,323,-106.2797469,False,19,150,11/25-4/10,4.2,81658,Colorado,8100ft - 11439ft
http://www.onthesnow.com/utah/beaver-mountain/ski-resort.html,25,5,P.O. Box 3455,40,464,Logan,48.00,2,33.00,0,Beaver Mountain,41.79733890000001,400,-111.779731,False,35,48,12/21-3/29,3.4,84323,Utah,7231ft - 8600ft
http://www.onthesnow.com/north-carolina/ski-beech-mountain-resort/ski-resort.html,30,7,PO Box 1118,40,95,Banner,77.00,1,0.00,0,Beech Mountain Resort,35.4304688,31,-78.4598129,True,30,15,11/27-3/22,3.2,28604,North Carolina,4675ft - 5504ft
http://www.onthesnow.com/new-york/belleayre/ski-resort.html,10,8,P.O. Box 313,58,171,Highmount,66.00,2,40.00,10,Belleayre,42.1442557,120,-74.4898745,False,22,50,12/ 4-4/12,3.2,12441,New York,2025ft - 3429ft
http://www.onthesnow.com/massachusetts/berkshire-east/ski-resort.html,17,6,P.O. Box 727,44,163,Charlemont,60.00,2,0.00,2,Berkshire East,42.67409290000001,120,-72.73519999999999,True,37,44,1/ 7-4/ 5,3.1,01339,Massachusetts,540ft - 1720ft
http://www.onthesnow.com/pennsylvania/big-boulder/ski-resort.html,0,8,P.O.Box 1539,0,55,Blakeslee,N/A,8,N/A,0,Big Boulder,41.092586,50,-75.5926886,True,100,16,12/12-4/19,2.8,18610,Pennsylvania,1700ft - 2175ft
http://www.onthesnow.com/michigan/big-powderhorn-mountain/ski-resort.html,24,10,N11375 Powderhorn Road,42,253,Bessemer,59.00,2,40.00,3,Big Powderhorn Mountain,46.4920861,214,-90.020912,False,30,33,12/23-4/ 3,3.2,49911,Michigan,1200ft - 1800ft
http://www.onthesnow.com/montana/big-sky-resort/ski-resort.html,42,34,P.O. Box 160001,25,5800,Big,106.00,7,46.00,18,Big Sky Resort,49.00139,400,-104.039563,False,15,306,11/26-4/17,3.9,59716,Montana,6800ft - 11166ft
http://www.onthesnow.com/maine/big-squaw-mountain-ski-resort/ski-resort.html,33,1,P.O. Box 430,34,N/A,Greenville,25.00,0,25.00,0,Big Squaw Mountain Ski Resort,45.5346909,N/A,-69.472809,False,33,29,12/26-4/ 4,3,04441,Maine,1750ft - 3200ft
http://www.onthesnow.com/michigan/bittersweet-ski-area/ski-resort.html,30,12,600 River Road,40,100,Otsego,41.00,2,16.00,0,Bittersweet Ski Area,42.7200029,90,-82.49554549999999,True,30,20,12/21-3/22,3,49078,Michigan,450ft - 850ft
http://www.onthesnow.com/michigan/blackjack-ski-resort/ski-resort.html,0,6,,40,170,Bessemer,62.00,2,20.00,40,Blackjack Ski Resort,46.4920861,210,-90.020912,False,20,26,12/26-3/27,2.8,49911,Michigan,385ft - 850ft
http://www.onthesnow.com/new-hampshire/black-mountain/ski-resort.html,8,4,P.O. Box B,34,143,Jackson,55.00,0,30.00,25,Black Mountain,44.244235,125,-71.0974899,False,33,45,1/ 2-3/28,2.8,03846,New Hampshire,1250ft - 2350ft
http://www.onthesnow.com/montana/blacktail-mountain-ski-area/ski-resort.html,15,4,Box 1090,70,1000,Lakeside,40.00,0,15.00,0,Blacktail Mountain Ski Area,48.0501099,250,-114.1837641,False,15,25,12/21-4/12,3,59922,Montana,5235ft - 6675ft
http://www.onthesnow.com/massachusetts/blandford-ski-area/ski-resort.html,10,5,PO Box 158,50,158,Blandford,N/A,2,N/A,0,Blandford Ski Area,42.2513399,50,-72.87195799999999,False,40,29,1/ 9-3/16,2.9,01008,Massachusetts,1035ft - 1685ft
http://www.onthesnow.com/massachusetts/blue-hills-ski-area/ski-resort.html,62,4,4001 Washington St,25,60,Canton,40.00,1,30.00,0,Blue Hills Ski Area,42.2927243,N/A,-71.1214653,False,13,16,1/ 6-4/ 3,3.1,02021,Massachusetts,326ft - 635ft
http://www.onthesnow.com/pennsylvania/blue-knob/ski-resort.html,26,5,PO Box 247,41,100,Claysburg,60.00,1,0.00,18,Blue Knob,40.309956,120,-78.434,True,15,34,1/ 4-3/22,3,16625,Pennsylvania,2073ft - 3146ft
http://www.onthesnow.com/pennsylvania/blue-mountain-ski-area/ski-resort.html,13,14,PO Box 216,13,164,Palmerton,N/A,6,N/A,33,Blue Mountain Resort,40.81370690000001,33,-75.57710709999999,True,41,39,12/22-4/ 5,3.5,18071,Pennsylvania,460ft - 1600ft
http://www.onthesnow.com/washington/bluewood/ski-resort.html,38,3,PO Box 88,45,355,Dayton,39.00,2,0.00,0,Bluewood,46.3280599,300,-117.9602729,False,17,24,12/19-3/15,3.2,99328,Washington,4545ft - 5670ft
http://www.onthesnow.com/idaho/bogus-basin/ski-resort.html,33,7,2600 Bogus Basin Rd.,45,2600,Boise,54.00,0,0.00,0,Bogus Basin,43.6433908,250,-116.2058992,True,22,75,11/27-4/10,3.4,83702,Idaho,5800ft - 7581ft
http://www.onthesnow.com/vermont/bolton-valley/ski-resort.html,23,6,4302 Bolton Access Rd,38,300,Bolton,59.00,3,0.00,6,Bolton Valley,44.4218027,300,-72.8486837,True,34,71,12/31-4/10,3.1,05477,Vermont,1446ft - 3150ft
http://www.onthesnow.com/california/boreal/ski-resort.html,39,8,P.O. Box 39,39,380,Truckee,59.00,6,29.00,0,Boreal Mountain Resort,39.3289345,400,-120.2197715,True,21,33,11/ 6-4/19,3,96161,Sierra Nevada,7200ft - 7700ft
http://www.onthesnow.com/ohio/boston-mills/ski-resort.html,40,8,P.O. Box 175,40,40,Peninsula,43.00,2,10.00,0,Boston Mills,41.252655,51,-81.51890879999999,True,20,7,1/ 6-3/22,3,44264,Ohio,631ft - 871ft
http://www.onthesnow.com/massachusetts/bousquet-ski-area/ski-resort.html,33,5,Dan Fox Dr.,33,200,Pittsfield,45.00,2,10.00,0,Bousquet Ski Area,42.503383,83,-73.182047,False,34,23,1/ 6-3/29,3.1,01201,Massachusetts,1125ft - 1875ft
http://www.onthesnow.com/michigan/boyne-highlands/ski-resort.html,35,10,600 Highlands Drive,29,435,Harbor,N/A,4,N/A,2,Boyne Highlands,42.3046952,140,-83.49067810000001,True,35,55,12/ 4-3/30,3.4,49740,Michigan,745ft - 1290ft
http://www.onthesnow.com/michigan/boyne-mountain-resort/ski-resort.html,17,12,P.O. Box 19,23,415,Boyne,N/A,7,N/A,3,Boyne Mountain Resort,45.2135766,140,-84.9815838,True,57,60,12/ 4-4/19,3.4,49713,Michigan,620ft - 1120ft
http://www.onthesnow.com/massachusetts/bradford-ski-area/ski-resort.html,10,10,P.O. Box 99,80,48,Bradford,48.00,1,25.00,0,Bradford Ski Area,42.7695348,N/A,-71.0758905,False,10,15,1/ 6-3/29,2.9,01835,Massachusetts,1300ft - 1547ft
http://www.onthesnow.com/ohio/brandywine/ski-resort.html,46,16,PO Box 175,27,85,Peninsula,43.00,2,10.00,0,Brandywine,41.252655,51,-81.51890879999999,True,27,11,1/ 6-4/ 5,3.1,44264,Ohio,631ft - 871ft
http://www.onthesnow.com/new-york/brantling-ski-slopes/ski-resort.html,30,5,4015 Fish Farm Road,40,20,,30.00,0,20.00,0,Brantling Ski Slopes,43.150318,110,-77.0656064,False,30,10,1/ 3-4/ 5,2.9,14551,New York,600ft - 850ft
http://www.onthesnow.com/colorado/breckenridge/ski-resort.html,24,34,P.O. Box 1058,31,2908,Breckenridge,N/A,4,N/A,34,Breckenridge,39.5406379,300,-106.014379,False,11,187,11/13-4/24,4.2,80424,Colorado,9600ft - 12997ft
http://www.onthesnow.com/new-hampshire/bretton-woods/ski-resort.html,30,10,Route 302,29,464,Bretton,89.00,3,25.00,16,Bretton Woods,42.8357646,200,-71.3664653,True,25,97,11/22-4/21,3.4,03575,New Hampshire,1600ft - 3100ft
http://www.onthesnow.com/utah/brian-head-resort/ski-resort.html,35,8,P.O. Box 190008,35,650,Brian,54.00,3,0.00,0,Brian Head Resort,39.5731372,400,-111.3799904,False,30,71,11/20-4/12,3.4,84719,Utah,9600ft - 11306ft
http://www.onthesnow.com/montana/bridger-bowl/ski-resort.html,18,8,15795 Bridger Canyon Rd.,28,2000,Bozeman,54.00,2,0.00,42,Bridger Bowl,45.816956,350,-110.883336,False,12,105,12/11-4/ 3,3.2,59715,Montana,6100ft - 8700ft
http://www.onthesnow.com/utah/brighton-resort/ski-resort.html,25,6,12601 Big Cottonwood Canyon Rd,39,1050,Brighton,75.00,1,0.00,15,Brighton Resort,40.6223676,500,-111.5932349,True,21,66,11/18-4/17,3.7,84121,Utah,8754ft - 10500ft
http://www.onthesnow.com/new-york/bristol-mountain/ski-resort.html,20,6,5662 Route 64,45,160,Canandaigua,72.00,3,0.00,0,Bristol Mountain,42.745233,60,-77.40474619999999,True,35,34,12/22-4/ 5,3.4,14424,New York,1000ft - 2200ft
http://www.onthesnow.com/vermont/bromley-mountain/ski-resort.html,32,8,PO Box 1130,36,178,Manchester,73.00,3,41.00,2,Bromley Mountain,43.1817098,145,-73.051705,False,30,47,11/28-4/10,3,05255,Vermont,1950ft - 3283ft
http://www.onthesnow.com/wisconsin/bruce-mound/ski-resort.html,50,5,517 Court St.,17,40,Neilsville,23.00,2,9.00,16,Bruce Mound,44.029606,42,-88.17754219999999,True,17,12,3/13-3/13,3.2,54754,Wisconsin,1000ft - 1375ft
http://www.onthesnow.com/idaho/brundage-mountain-resort/ski-resort.html,10,5,P.O. Box 1062,50,1500,McCall,62.00,2,18.00,20,Brundage Mountain Resort,44.9340959,320,-116.064759,False,20,46,12/11-4/10,3.1,83638,Idaho,5839ft - 7639ft
http://www.onthesnow.com/virginia/bryce-resort/ski-resort.html,13,7,P.O. Box 3,50,25,Basye,63.00,0,0.00,0,Bryce Resort,38.853359,30,-78.7175309,True,38,8,1/ 7-3/28,2.8,22810,Virginia,1250ft - 1750ft
http://www.onthesnow.com/minnesota/buck-hill/ski-resort.html,16,8,15400 Buck Hill Road,34,45,Burnsville,44.00,0,26.00,16,Buck Hill,44.7248619,60,-93.2837332,True,34,16,12/19-3/15,3,55306,Minnesota,918ft - 1225ft
http://www.onthesnow.com/minnesota/buena-vista-ski-area/ski-resort.html,25,6,621 Lake Julia Drive NW,55,30,Bemidji,N/A,0,N/A,0,Buena Vista Ski Area,47.667616,78,-94.8860522,True,20,17,11/28-3/15,2.8,56601,Minnesota,1280ft - 1510ft
http://www.onthesnow.com/new-york/buffalo-ski-club-ski-area/ski-resort.html,0,7,P.O. Box 608,46,225,Orchard,45.00,1,30.00,34,Buffalo Ski Club Ski Area,43.3716699,N/A,-78.27044219999999,True,20,43,1/12-3/29,2.8,14033,New York,2025ft - 3429ft
http://www.onthesnow.com/michigan/caberfae-peaks-ski-golf-resort/ski-resort.html,32,5,Caberfae Road,33,200,Cadillac,47.00,2,5.00,0,Caberfae Peaks,44.2813299,140,-85.37631689999999,True,35,34,12/ 4-4/ 3,3.1,49601,Michigan,1060ft - 1568ft
http://www.onthesnow.com/maine/camden-snow-bowl/ski-resort.html,61,3,PO Box 1207,30,100,Camden,39.00,2,0.00,0,Camden Snow Bowl,44.259464,69,-69.0283208,True,9,23,1/ 2-4/ 4,2.7,04843,Maine,150ft - 1080ft
http://www.onthesnow.com/pennsylvania/camelback-mountain-resort/ski-resort.html,32,16,PO Box 168,32,160,Tannersville,65.00,5,0.00,3,Camelback Mountain Resort,41.0486401,50,-75.2917343,True,32,35,12/22-4/ 5,3.2,18372,Pennsylvania,1250ft - 2100ft
http://www.onthesnow.com/new-jersey/campgaw-mountain/ski-resort.html,23,5,200 Campgaw Rd.,31,23,Mahwah,45.00,1,0.00,15,Campgaw Mountain,41.0599272,45,-74.18330329999999,True,31,13,1/ 7-3/29,2.8,07430,New Jersey,450ft - 726ft
http://www.onthesnow.com/west-virginia/canaan-valley-resort/ski-resort.html,43,5,HC 70 Box 330,36,91,Davis,59.00,1,0.00,2,Canaan Valley Resort,39.1475548,180,-79.4438449,True,19,47,1/ 6-3/20,3.6,26260,West Virginia,3429ft - 4279ft
http://www.onthesnow.com/new-hampshire/cannon-mountain/ski-resort.html,33,10,Franconia Notch State Park,52,282,Franconia,75.00,3,39.00,0,Cannon Mountain,44.2531679,160,-71.537367,False,15,95,12/ 4-4/10,3.2,03580,New Hampshire,1900ft - 4079ft
http://www.onthesnow.com/michigan/cannonsburg/ski-resort.html,15,10,P.O. Box 19,50,100,Cannonsburg,37.00,5,0.00,0,Cannonsburg,43.0539179,100,-85.4697477,False,35,21,1/ 6-3/22,2.9,49317,Michigan,850ft - 1100ft
http://www.onthesnow.com/wisconsin/cascade-mountain/ski-resort.html,28,11,W10441 Cascade Mtn. Rd.,36,160,Portage,55.00,4,0.00,0,Cascade Mountain,43.5843019,56,-89.4314079,True,36,36,12/18-3/20,3.2,53901,Wisconsin,820ft - 1280ft
http://www.onthesnow.com/north-carolina/cataloochee-ski-area/ski-resort.html,0,5,1080 Ski Lodge Road,39,50,Maggie,65.00,2,0.00,17,Cataloochee Ski Area,35.563065,50,-83.089668,True,44,18,11/22-3/27,3.1,28751,North Carolina,4660ft - 5400ft
http://www.onthesnow.com/new-york/catamount-ski-ride-area/ski-resort.html,19,7,P.O. Box 639 ,42,132,Hillsdale,65.00,3,16.00,6,Catamount,37.261448,108,-121.852197,True,33,36,1/ 7-4/ 5,3.3,12529,New England,1000ft - 2000ft
http://www.onthesnow.com/illinois/chestnut-mountain-resort/ski-resort.html,20,9,P.O. Box 6328,40,139,Galena,N/A,0,N/A,10,Chestnut Mountain Resort,42.442074,50,-90.40099699999999,True,30,22,12/19-3/15,3.2,61036,Illinois,565ft - 1040ft
http://www.onthesnow.com/wisconsin/christie-mountain/ski-resort.html,30,6,W13755  CTH O,23,45,Bruce,N/A,4,N/A,10,Christie Mountain,45.4685069,48,-91.2528699,True,37,30,12/ 5-3/16,3.1,54819,Wisconsin,1300ft - 1650ft
http://www.onthesnow.com/wisconsin/christmas-mountain/ski-resort.html,20,5,S-944 Christmas Mountain Road,40,40,Wisconsin,N/A,0,N/A,0,Christmas Mountain,47.0807296,20,-86.7639767,True,40,15,12/19-3/22,2.8,53965,Wisconsin,1000ft - 1250ft
http://www.onthesnow.com/minnesota/coffee-mill-ski-snowboard-resort/ski-resort.html,7,3,Box 127,29,40,Wabasha,35.00,1,0.00,29,Coffee Mill Ski & Snowboard Resort,44.3942531,48,-91.9782063,True,35,14,4/30-4/30,2.8,55981,Minnesota,725ft - 1150ft
http://www.onthesnow.com/oregon/cooper-spur/ski-resort.html,0,2,10755 Cooper Spur Road,60,50,Mount,32.00,0,10.00,0,Cooper Spur,45.4255158,100,-121.5910985,False,40,10,12/18-3/29,3.3,97041,Oregon,3500ft - 4000ft
http://www.onthesnow.com/colorado/copper-mountain-resort/ski-resort.html,36,23,P.O. Box 3001,25,2465,Copper,78.00,6,54.00,18,Copper Mountain Resort,39.1659094,305,-106.8151886,False,21,142,11/11-4/17,4,80443,Colorado,9702ft - 12312ft
http://www.onthesnow.com/new-hampshire/cranmore-mountain-resort/ski-resort.html,28,7,P.O. Box 1640,44,200,North,N/A,4,N/A,0,Cranmore Mountain Resort,45.3054761,150,-70.6026612,False,28,57,11/27-4/ 5,3.1,03860,New Hampshire,600ft - 2000ft
http://www.onthesnow.com/colorado/crested-butte-mountain-resort/ski-resort.html,15,15,P.O. Box 5700,41,1547,Mt,108.00,1,59.00,30,Crested Butte Mountain Resort,35.363647,300,-114.2350848,False,14,124,11/25-4/ 3,3.9,81225,Colorado,9100ft - 12162ft
http://www.onthesnow.com/new-hampshire/crotched-mountain/ski-resort.html,32,5,"615 Francestown Road, Route 47",40,100,Bennington,64.00,3,46.00,0,Crotched Mountain,42.9979298,105,-71.7545774,True,28,25,1/ 1-4/ 5,3.1,03442,New Hampshire,1050ft - 2066ft
http://www.onthesnow.com/michigan/crystal-mountain/ski-resort.html,30,9,12500 Crystal Mountain Drive,48,103,Thompsonville,72.00,5,29.00,0,Crystal Mountain,44.5192603,132,-85.9906554,True,22,58,12/ 5-4/10,3.6,49683,Michigan,757ft - 1132ft
http://www.onthesnow.com/washington/crystal-mountain/ski-resort.html,32,11,33914 Crystal Mtn Blvd.,54,2600,Crystal,72.00,1,0.00,3,Crystal Mountain,46.9355566,486,-121.4742124,False,11,57,11/21-4/17,3.2,98022,Washington,4400ft - 7012ft
http://www.onthesnow.com/new-hampshire/dartmouth-skiway/ski-resort.html,25,4,DCAD Dartmouth College,50,107,Hanover,47.00,1,25.00,4,Dartmouth Skiway,43.770955,100,-72.075673,False,21,28,1/12-3/27,3.1,03755,New Hampshire,973ft - 1942ft
http://www.onthesnow.com/utah/deer-valley-resort/ski-resort.html,27,21,P.O. Box 1525,41,2026,Park,120.00,0,23.00,5,Deer Valley Resort,30.118589,300,-94.6412756,False,27,101,12/ 5-4/10,4.3,84060,Utah,6570ft - 9570ft
http://www.onthesnow.com/wisconsin/devils-head/ski-resort.html,30,12,S-6330 Bluff Road,40,260,Merrimac,54.00,1,0.00,0,Devils Head,43.3866159,45,-89.61059809999999,True,30,27,12/17-3/20,3.1,53561,Wisconsin,495ft - 995ft
http://www.onthesnow.com/nevada/diamond-peak/ski-resort.html,48,7,1210 Ski Way,42,655,Incline,64.00,3,22.00,0,Diamond Peak,39.2028374,300,-120.208193,False,10,31,12/ 3-4/10,3,89451,Sierra Nevada,6700ft - 8539ft
http://www.onthesnow.com/montana/discovery-ski-area/ski-resort.html,25,8,PO Box 221,25,2000,Anaconda,42.00,1,0.00,30,Discovery Ski Area,46.2668878,200,-112.558457,False,20,67,11/26-4/ 5,3.1,59711,Montana,5770ft - 8150ft
http://www.onthesnow.com/california/dodge-ridge/ski-resort.html,40,12,P.O. Box 1188,40,862,Pinecrest,68.00,5,15.00,0,Dodge Ridge,39.1501549,300,-121.0471452,False,20,67,12/11-4/10,3.1,95364,Sierra Nevada,6600ft - 8200ft
http://www.onthesnow.com/california/donner-ski-ranch/ski-resort.html,25,8,P.O. Box 66,50,505,Norden,59.00,1,20.00,0,Donner Ski Ranch,39.3355533,396,-120.3443659,False,25,52,12/ 5-4/12,3,95724,Sierra Nevada,7031ft - 8012ft
http://www.onthesnow.com/new-york/dry-hill-ski-area/ski-resort.html,33,3,P.O. Box 202,34,35,Watertown,35.00,1,12.00,0,Dry Hill Ski Area,43.99584489999999,125,-75.8545659,True,33,7,1/ 6-3/29,2.8,13601,New York,650ft - 950ft
http://www.onthesnow.com/alaska/eaglecrest-ski-area/ski-resort.html,30,4,155 South Seward St.,40,640,Juneau,46.00,1,21.00,10,Eaglecrest Ski Area,39.9511574,350,-76.7627604,False,20,36,12/19-4/12,3.1,99801,North America,1200ft - 2600ft
http://www.onthesnow.com/utah/eagle-point/ski-resort.html,45,5,150 S West Village Circle,35,600,Beaver,N/A,1,N/A,0,Eagle Point,38.3202311,400,-112.3839036,False,20,40,12/21-3/22,3.4,84713,Utah,9100ft - 10600ft
http://www.onthesnow.com/pennsylvania/eagle-rock/ski-resort.html,43,3,1060 Valley of Lakes,7,N/A,Hazelton,42.00,1,0.00,0,Eagle Rock,40.0620884,N/A,-75.4687392,False,50,14,1/ 5-3/22,3,18202,Pennsylvania,1260ft - 1810ft
http://www.onthesnow.com/colorado/eldora-mountain-resort/ski-resort.html,19,11,P.O.  Box 1697,52,680,Nederland,69.00,3,12.00,15,Eldora Mountain Resort,39.9753149,311,-105.484176,False,15,54,11/20-4/12,2.8,80466,Colorado,9200ft - 10800ft
http://www.onthesnow.com/pennsylvania/elk-mountain-ski-resort/ski-resort.html,41,7,344 Elk Mountain Road,37,180,Union,70.00,2,0.00,0,Elk Mountain Ski Resort,39.757161,60,-79.00171879999999,True,22,27,1/ 3-3/28,3.4,18470,Pennsylvania,1692ft - 2692ft
http://www.onthesnow.com/nevada/elko-snobowl/ski-resort.html,1,2,491 5th Street,90,60,Elko,N/A,0,N/A,1,Elko SnoBowl,42.0154645,24,-93.4536449,False,8,10,12/18-3/13,2,89801,Nevada,6300ft - 7000ft
http://www.onthesnow.com/minnesota/elm-creek/ski-resort.html,0,3,12400 James Deane Parkway,60,15,Maple,17.00,0,7.00,20,Elm Creek Winter Recreation Area,45.1385598,45,-93.4370577,True,20,3,12/15-3/20,3.2,55369,Minnesota,867ft - 927ft
http://www.onthesnow.com/new-mexico/enchanted-forest-cross-countryski-area/ski-resort.html,2,0,P.O. Box 219,50,600,Red,18.00,0,9.00,18,Enchanted Forest Ski Area,32.3827472,240,-103.740632,False,30,33,11/28-3/22,2.8,87558,New Mexico,9820ft - 10077ft
http://www.onthesnow.com/illinois/four-lakes/ski-resort.html,30,7,6005 Forest View Rd.,30,9,Lisle,28.00,1,28.00,0,Four Lakes,41.780717,24,-88.083136,True,40,7,1/ 6-3/15,2.7,60532,Illinois,400ft - 500ft
http://www.onthesnow.com/minnesota/giants-ridge-resort/ski-resort.html,25,7,P.O. Box 190,44,202,Biwabik,N/A,3,N/A,0,Giants Ridge Resort,47.60339090000001,85,-92.27173189999999,True,31,35,12/ 5-4/ 5,2.7,55708,Minnesota,1472ft - 1972ft
http://www.onthesnow.com/new-york/gore-mountain/ski-resort.html,34,15,P.O. Box 470,51,438,North,83.00,6,40.00,4,Gore Mountain,40.91525559999999,150,-73.70027209999999,True,10,109,11/27-4/19,3.5,12853,New York,997ft - 3600ft
http://www.onthesnow.com/wisconsin/grand-geneva/ski-resort.html,20,5,PO Box 130,30,30,Lake,53.00,1,0.00,10,Grand Geneva,43.3964864,25,-89.54938829999999,True,40,18,1/ 2-3/22,2.5,53147,Wisconsin,875ft - 1086ft
http://www.onthesnow.com/wyoming/grand-targhee-resort/ski-resort.html,15,5,3300 E. Ski Hill Road,70,2000,Alta,75.00,1,0.00,5,Grand Targhee Resort,43.7881192,500,-110.9583645,False,10,95,11/20-4/27,3.7,83414,Wyoming,7850ft - 9920ft
http://www.onthesnow.com/new-hampshire/granite-gorge/ski-resort.html,15,4,P.O. Box 545,35,55,Keene,47.00,0,0.00,15,Granite Gorge,42.9999449,100,-72.2169299,True,35,19,12/30-3/21,2.8,03431,New Hampshire,800ft - 1325ft
http://www.onthesnow.com/wisconsin/granite-peak-ski-area/ski-resort.html,30,7,P.O. Box 5010,35,220,Wausau,N/A,4,N/A,5,Granite Peak Ski Area,45.006429,75,-89.573319,True,30,75,12/19-4/12,3.2,54402,Wisconsin,1242ft - 1942ft
http://www.onthesnow.com/montana/great-divide/ski-resort.html,45,6,P.O. Box SKI,45,1600,Marysville,40.00,6,20.00,0,Great Divide,46.7582079,180,-112.292436,True,9,110,11/22-4/10,3,59640,Montana,5750ft - 7329ft
http://www.onthesnow.com/new-york/greek-peak/ski-resort.html,31,8,2000 NYS Route 392,28,220,Cortland,64.00,3,0.00,0,Greek Peak,40.737855,122,-73.973817,True,41,33,1/ 3-4/12,3,13045,New York,1147ft - 2100ft
http://www.onthesnow.com/new-hampshire/gunstock/ski-resort.html,0,7,PO Box 1307,61,227,Laconia,82.00,2,46.00,27,Gunstock,43.6277455,120,-71.4295482,True,12,54,12/26-4/ 3,3.2,03247,New Hampshire,900ft - 2300ft
http://www.onthesnow.com/california/heavenly-mountain-resort/ski-resort.html,30,28,PO Box 2180,45,4800,Stateline,N/A,3,N/A,5,Heavenly Mountain Resort,38.9930579,360,-119.9483296,False,20,97,11/14-4/17,3.8,96150,Sierra Nevada,6564ft - 10066ft
http://www.onthesnow.com/new-york/hickory-ski-center/ski-resort.html,40,3,P.O. Box 127,30,225,Burnt,N/A,0,N/A,0,Hickory Ski Center,42.537908,75,-74.452445,False,30,19,2/16-3/29,2.5,12027,New York,700ft - 1900ft
http://www.onthesnow.com/missouri/hidden-valley-ski-area/ski-resort.html,35,7,17409 Hidden Valley Drive,35,30,Eureka,47.00,0,5.00,0,Hidden Valley Ski Area,38.5312695,26,-90.6438663,True,30,13,1/10-3/ 8,2.9,63025,Missouri,2316ft - 2566ft
http://www.onthesnow.com/alaska/hilltop-ski-area/ski-resort.html,0,3,7015 Abbott Road,10,30,Anchorage,30.00,1,18.00,10,Hilltop Ski Area,61.14118500000001,69,-149.759419,True,80,13,11/20-3/22,2.1,99507,Alaska,1796ft - 2090ft
http://www.onthesnow.com/wyoming/hogadon/ski-resort.html,60,2,1800 East K St.,30,92,Casper,42.00,1,27.00,0,Hogadon,42.8608279,N/A,-106.3017557,False,10,27,12/ 6-4/ 3,2.9,82601,Wyoming,7400ft - 8000ft
http://www.onthesnow.com/new-york/holiday-mountain/ski-resort.html,31,4,99 Holiday Mountain Road,27,37,Monticello,42.00,0,27.00,12,Holiday Mountain,41.626299,50,-74.609274,True,30,9,1/ 9-3/22,2.8,12701,New York,1150ft - 1550ft
http://www.onthesnow.com/new-york/holiday-valley/ski-resort.html,37,13,P.O. Box 370,28,290,Ellicotville,69.00,5,0.00,1,Holiday Valley,42.2840629,180,-78.6567379,True,34,58,12/20-4/12,3.4,14731,New York,1500ft - 2250ft
http://www.onthesnow.com/new-york/holimont-ski-area/ski-resort.html,45,8,P.O. Box 279,28,135,Ellicottville,70.00,3,0.00,0,Holimont Ski Area,42.2840629,180,-78.6567379,False,26,53,12/29-4/10,2.8,14731,New York,1560ft - 2260ft
http://www.onthesnow.com/california/homewood-mountain-resort/ski-resort.html,25,8,PO Box 165,50,1260,Homewood,N/A,2,N/A,10,Homewood Mountain Resort,39.10947,450,-120.1647151,False,15,64,12/11-4/10,3.4,96141,Sierra Nevada,6229ft - 7879ft
http://www.onthesnow.com/oregon/hoodoo-ski-area/ski-resort.html,40,5,"Highway 20, PO Box 20",30,806,Sisters,48.00,0,0.00,0,Hoodoo Ski Area,44.302512,350,-121.534241,True,30,34,12/18-4/14,3.1,97759,Oregon,4668ft - 5702ft
http://www.onthesnow.com/colorado/howelsen-hill/ski-resort.html,50,4,P.O. Box 775088,30,50,Steamboat,25.00,1,8.00,0,Howelsen Hill,40.4812792,150,-106.788349,True,20,17,12/ 4-3/15,2.9,80477,Colorado,6695ft - 7135ft
http://www.onthesnow.com/new-york/hunter-mountain/ski-resort.html,33,11,P.O. Box 295,24,240,Hunter,N/A,2,N/A,16,Hunter Mountain,42.224261,120,-74.1939809,False,28,58,12/26-4/12,3.1,12442,New York,1600ft - 3200ft
http://www.onthesnow.com/new-york/hunt-hollow-ski-club/ski-resort.html,37,4,,21,400,,55.00,1,0.00,11,Hunt Hollow Ski Club,42.7591489,130,-77.2528859,True,32,19,1/12-4/ 5,0,14512,North America,1000ft - 2030ft
http://www.onthesnow.com/minnesota/hyland-ski-snowboard-area/ski-resort.html,20,8,8800 Chalet Road,40,35,Bloomington,N/A,1,N/A,0,Hyland Ski & Snowboard Area,44.8435917,55,-93.3639006,True,40,14,12/11-3/20,2.6,55438,Minnesota,900ft - 1075ft
http://www.onthesnow.com/michigan/indianhead-mountain/ski-resort.html,50,9,500 Indianhead Road,30,240,Wakefield,62.00,2,19.00,0,Indianhead Mountain,46.5002982,204,-89.9708735,False,20,30,12/18-4/10,3.5,49968,Michigan,1297ft - 1935ft
http://www.onthesnow.com/pennsylvania/jack-frost/ski-resort.html,0,9,PO Box 1539,0,100,Blakeslee,55.00,1,10.00,0,Jack Frost,41.092586,50,-75.5926886,False,100,20,12/29-3/29,3.1,18610,Pennsylvania,1400ft - 2000ft
http://www.onthesnow.com/wyoming/jackson-hole/ski-resort.html,41,13,P.O. Box 290,34,2500,Teton,88.00,7,0.00,17,Jackson Hole,44.666805,450,-110.051031,False,9,133,11/26-4/ 3,4.2,83025,Wyoming,6310ft - 10450ft
http://www.onthesnow.com/vermont/jay-peak/ski-resort.html,40,9,4850 VT Rte 242,40,385,Jay,79.00,3,16.00,0,Jay Peak,44.92805569999999,377,-72.5014969,False,20,78,11/27-5/ 8,3.8,05859,Vermont,1815ft - 3968ft
http://www.onthesnow.com/massachusetts/jiminy-peak/ski-resort.html,13,9,37 Corey Rd.,27,167,Hancock,71.00,0,53.00,7,Jiminy Peak,42.3393031,90,-71.1425037,True,53,45,12/19-4/13,3.5,01237,Massachusetts,1230ft - 2380ft
http://www.onthesnow.com/california/june-mountain/ski-resort.html,20,7,P.O. Box 146,45,1500,June,N/A,0,N/A,0,June Mountain,39.22267,250,-121.062806,False,35,35,12/12-3/21,3.4,93529,Sierra Nevada,7545ft - 10089ft
http://www.onthesnow.com/idaho/kelly-canyon-ski-area/ski-resort.html,20,6,Box 367,45,740,Ririe,N/A,1,N/A,0,Kelly Canyon Ski Area,43.6375419,200,-111.755012,False,35,51,12/17-3/15,2.5,83443,Idaho,5600ft - 6600ft
http://www.onthesnow.com/colorado/keystone/ski-resort.html,57,20,P.O. Box 38,29,3148,Keystone,N/A,1,N/A,0,Keystone,39.671403,230,-105.8603131,True,14,131,11/ 6-4/10,4.2,80435,Colorado,9279ft - 12408ft
http://www.onthesnow.com/vermont/killington-resort/ski-resort.html,24,22,4763 Killington Road,33,1509,Killington,N/A,5,N/A,15,Killington Resort,43.619801,250,-72.80270999999999,False,28,155,10/19-5/29,3.7,05751,Vermont,1165ft - 4241ft
http://www.onthesnow.com/new-hampshire/king-pine/ski-resort.html,10,6,1251 Eaton Rd,31,48,East,52.00,2,0.00,15,King Pine,43.86102349999999,120,-71.08927589999999,True,44,17,12/26-3/27,2.9,03849,New Hampshire,500ft - 850ft
http://www.onthesnow.com/california/kirkwood/ski-resort.html,38,15,PO Box 1,30,2300,Kirkwood,N/A,2,N/A,20,Kirkwood,42.002207,600,-114.0396479,False,12,86,11/14-4/10,3.7,95646,Sierra Nevada,7800ft - 9800ft
http://www.onthesnow.com/new-york/kissing-bridge/ski-resort.html,30,10,P.O. Box 73,50,700,Glenwood,62.00,5,0.00,0,Kissing Bridge,42.61922759999999,120,-78.65780409999999,True,20,39,1/ 6-3/29,3,14069,New York,1150ft - 1700ft
http://www.onthesnow.com/new-york/labrador-mt/ski-resort.html,33,4,"Route 91, PO Box 105",34,250,Truxton,50.00,1,15.00,0,Labrador Mt.,42.7120125,125,-76.0285349,True,33,22,1/ 6-3/29,2.9,13158,New York,1125ft - 1825ft
http://www.onthesnow.com/nevada/las-vegas-ski-and-snowboard-resort/ski-resort.html,20,3,"7501 Tule Springs Rd., #110",60,70,Las,70.00,1,0.00,0,Lee Canyon,36.2969727,120,-115.2789471,False,20,30,11/27-3/29,3,89124,Nevada,8510ft - 11289ft
http://www.onthesnow.com/pennsylvania/liberty/ski-resort.html,0,8,78 Country Club Trail,40,100,Carroll,72.00,3,0.00,25,Liberty,39.7636574,31,-77.3750329,True,35,16,1/ 8-3/22,2.9,17320,Pennsylvania,570ft - 1190ft
http://www.onthesnow.com/wisconsin/little-switzerland/ski-resort.html,0,8,,33,50,Slinger,N/A,3,N/A,28,Little Switzerland,43.3642409,N/A,-88.222392,True,39,18,12/19-3/22,3,53086,Wisconsin,1068ft - 1268ft
http://www.onthesnow.com/idaho/lookout-pass-ski-area/ski-resort.html,32,4,P.O. Box 108,50,540,Wallace,42.00,3,0.00,9,Lookout Pass Ski Area,47.47983199999999,400,-115.902908,False,9,34,11/26-3/22,3.3,83846,Idaho,4500ft - 5650ft
http://www.onthesnow.com/new-hampshire/loon-mountain/ski-resort.html,17,12,60 Loon Mountain Rd.,60,370,Lincoln,85.00,6,0.00,3,Loon Mountain,44.0567784,160,-71.63029949999999,False,20,61,11/25-4/19,3.8,03251,New Hampshire,950ft - 3050ft
http://www.onthesnow.com/montana/lost-trail-powder-mtn/ski-resort.html,20,5,P.O. Box 311,60,1000,Conner,40.00,2,0.00,0,Lost Trail - Powder Mtn,45.9307534,300,-114.1245288,False,20,69,12/ 3-3/31,3,59827,Montana,6400ft - 8200ft
http://www.onthesnow.com/maine/lost-valley/ski-resort.html,33,2,Box 260,20,45,Auburn,40.00,2,25.00,0,Lost Valley,44.1990701,50,-70.1702968,True,47,16,12/30-3/29,2.7,04212,Maine,255ft - 495ft
http://www.onthesnow.com/colorado/loveland/ski-resort.html,20,10,PO Box 899,41,1800,Georgetown,N/A,1,N/A,26,Loveland,39.7339529,422,-105.686627,False,13,94,10/29-5/ 3,3.5,80444,Colorado,10800ft - 13010ft
http://www.onthesnow.com/minnesota/lutsen-mountains/ski-resort.html,20,8, P.O. Box 129,44,393,Lutsen,82.00,5,0.00,9,Lutsen Mountains,47.71294409999999,120,-90.6584549,False,26,54,11/26-4/10,3.3,55612,Minnesota,800ft - 1687ft
http://www.onthesnow.com/vermont/mad-river-glen/ski-resort.html,45,5,P.O. Box 1089,35,115,Waitsfield,79.00,0,0.00,0,Mad River Glen,44.240043,228,-72.73340999999999,False,20,45,1/ 9-4/19,3.2,05673,Vermont,1600ft - 3637ft
http://www.onthesnow.com/ohio/mad-river-mountain/ski-resort.html,47,12,P.O. Box 22,19,144,Bellefontaine,45.00,4,0.00,2,Mad River Mountain,40.388886,36,-83.716852,True,33,20,1/ 2-3/22,3.1,43311,Ohio,1160ft - 1460ft
http://www.onthesnow.com/vermont/magic-mountain/ski-resort.html,15,4,P.O. Box 396,30,195,Londonderry,67.00,1,32.00,25,Magic Mountain,43.262488,150,-72.727637,False,30,43,1/16-4/12,3.4,05148,Vermont,1150ft - 2850ft
http://www.onthesnow.com/idaho/magic-mountain-ski-area/ski-resort.html,20,3,319 Orchard Dr.,25,280,Twin,31.00,0,0.00,30,Magic Mountain Ski Area,42.53512,180,-114.474417,False,25,11,12/19-3/15,2.8,83301,Idaho,6500ft - 7200ft
http://www.onthesnow.com/california/mammoth-mountain-ski-area/ski-resort.html,20,28,P.O. Box 24,40,3500,Mammoth,N/A,11,N/A,15,Mammoth Mountain Ski Area,37.643289,400,-118.963958,False,25,151,11/ 5-5/29,4,93546,Sierra Nevada,7952ft - 11052ft
http://www.onthesnow.com/new-york/maple-ski-ridge/ski-resort.html,44,3,2725 Mariaville Road,44,25,Schenectady,38.00,0,0.00,0,Maple Ski Ridge,42.8210017,N/A,-74.0307531,True,11,10,1/ 9-3/12,2.4,12306,New York,750ft - 1200ft
http://www.onthesnow.com/michigan/marquette-mountain/ski-resort.html,35,4,4501 M-553,50,169,Marquette,N/A,3,N/A,0,Marquette Mountain,46.5105793,210,-87.4150257,True,15,35,12/ 3-4/12,3.1,49855,Michigan,757ft - 1357ft
http://www.onthesnow.com/virginia/massanutten/ski-resort.html,35,8,PO Box 1227,35,70,Harrisonburg,N/A,2,N/A,0,Massanutten,38.489258,35,-78.82425289999999,True,30,14,1/ 7-3/22,3.5,22840,Virginia,1750ft - 2925ft
http://www.onthesnow.com/montana/maverick-mountain/ski-resort.html,30,2,Box 475 Maverick Mountain Road,40,255,Polaris,36.00,0,22.00,0,Maverick Mountain,45.37159949999999,160,-113.1158827,False,30,22,12/26-3/15,2.7,59746,Montana,6500ft - 8520ft
http://www.onthesnow.com/new-york/mccauley-mountain-ski-center/ski-resort.html,18,5,Town of Webb,45,70,Old,30.00,1,15.00,0,McCauley Mountain Ski Center,40.677321,200,-73.8536939,False,36,22,1/ 7-4/ 5,3.1,13420,New York,1562ft - 2250ft
http://www.onthesnow.com/wyoming/meadowlark-ski-lodge/ski-resort.html,29,3,,43,300,,48.00,1,30.00,0,Meadowlark Ski Lodge,44.246334,N/A,-107.1277941,False,29,14,1/16-3/29,2.6,82442,Wyoming,8500ft - 9500ft
http://www.onthesnow.com/washington/mission-ridge/ski-resort.html,0,6,P.O. Box 1668,0,2000,Wenatchee,55.00,3,10.00,0,Mission Ridge,47.459539,200,-120.2955479,True,0,56,12/17-4/12,3.2,98807,Washington,4570ft - 6820ft
http://www.onthesnow.com/connecticut/mohawk-mountain/ski-resort.html,20,8,PO Box 27,50,107,Cornwall,60.00,0,15.00,0,Mohawk Mountain,41.918335,92,-73.2630411,True,30,25,1/ 2-3/29,3.2,06753,Connecticut,950ft - 1600ft
http://www.onthesnow.com/colorado/monarch-mountain/ski-resort.html,40,6,#1 Powder Place,26,800,Monarch,74.00,2,30.00,11,Monarch Mountain,38.5526022,350,-106.2939187,False,23,62,11/20-4/10,3.7,81227,Colorado,10789ft - 11952ft
http://www.onthesnow.com/pennsylvania/sno-mountain/ski-resort.html,20,7,1000 Montage Mountain Rd,30,140,PA,59.00,2,0.00,15,Montage Mountain,41.3479256,47,-75.66375029999999,True,35,26,1/ 7-3/31,3.5,18507,Pennsylvania,960ft - 1960ft
http://www.onthesnow.com/montana/montana-snowbowl/ski-resort.html,40,4,P.O. Box 8107,40,950,Missoula,N/A,0,N/A,0,Montana Snowbowl,46.950046,300,-113.909851,True,20,37,12/ 4-3/29,3,59807,Montana,5000ft - 7600ft
http://www.onthesnow.com/michigan/mont-ripley/ski-resort.html,42,4,1400 Townsend Drive,29,112,Houghton,45.00,2,33.00,8,Mont Ripley,47.1178272,275,-88.5414389,True,21,25,12/24-3/20,2.7,49930,Michigan,700ft - 1140ft
http://www.onthesnow.com/new-jersey/mountain-creek-resort/ski-resort.html,19,10,200 Route 94,64,167,Vernon,69.99,3,0.00,0,Mountain Creek Resort,41.1907548,65,-74.50522339999999,True,17,46,1/ 6-4/ 1,3,07462,New Jersey,440ft - 1480ft
http://www.onthesnow.com/california/mountain-high/ski-resort.html,34,14,P.O. Box 3010,42,290,Wrightwood,59.00,1,0.00,3,Mountain High,42.002207,108,-114.0396479,True,20,59,11/ 7-4/10,2.9,92397,Sierra Nevada,6600ft - 8200ft
http://www.onthesnow.com/oregon/mount-ashland/ski-resort.html,50,5,P.O. Box 220,20,220,Ashland,46.00,2,0.00,25,Mount Ashland,42.216158,300,-122.6510641,True,5,23,12/13-4/10,3.1,97520,Oregon,6350ft - 7500ft
http://www.onthesnow.com/michigan/mount-bohemia/ski-resort.html,88,2,Lac La Belle,1,585,Michigan,59.00,0,59.00,11,Mount Bohemia,48.1986461,273,-82.413474,False,0,102,12/27-5/ 3,3.9,53066,Michigan,600ft - 1500ft
http://www.onthesnow.com/michigan/mount-holiday-ski-area/ski-resort.html,30,4,3100 Holiday Road,40,45,Traverse,32.00,0,0.00,0,Mount Holiday Ski Area,44.7441895,120,-85.5140643,True,30,12,1/ 6-3/15,2.8,49684,Michigan,240ft - 440ft
http://www.onthesnow.com/michigan/mount-holly/ski-resort.html,20,13,13536 South Dixie Highway,50,100,Holly,N/A,0,N/A,0,Mount Holly,41.86515,42,-83.454859,True,30,19,11/25-3/15,3.2,48442,Michigan,755ft - 1105ft
http://www.onthesnow.com/minnesota/mount-kato-ski-area/ski-resort.html,37,10,20461 Hwy 66,42,55,Mankato,41.00,4,0.00,0,Mount Kato Ski Area,44.13322720000001,50,-94.033408,True,21,19,11/27-3/22,2.9,56001,Minnesota,300ft - 540ft
http://www.onthesnow.com/wisconsin/mount-la-crosse/ski-resort.html,40,4,P.O. Box 9,20,100,La,30.00,1,11.00,10,Mount La Crosse,34.0181485,40,-118.292242,True,30,19,12/26-3/15,2.8,54602,Wisconsin,593ft - 1110ft
http://www.onthesnow.com/new-york/mount-peter-ski-area/ski-resort.html,21,5,Rte 17A & Old Mt Peter Rd,21,69,Warwick,49.00,1,25.00,14,Mount Peter Ski Area,41.2743258,50,-74.332022,True,43,14,1/ 6-3/29,3.2,10990,New York,750ft - 1250ft
http://www.onthesnow.com/pennsylvania/mount-pleasant-of-edinboro/ski-resort.html,22,2, 23301 Plank Rd ,56,40,Venango,38.00,0,0.00,0,Mount Pleasant of Edinboro,41.776894,100,-80.1059779,True,22,10,12/21-3/25,3.1,16403,Pennsylvania,1200ft - 1540ft
http://www.onthesnow.com/california/mount-shasta-board-ski-park/ski-resort.html,25,4,104 Siskiyou Ave.,55,425,Mount,54.00,3,12.00,0,Mount Shasta Board & Ski Park,39.13001920000001,300,-121.122286,False,20,32,12/17-4/12,3.1,96067,Sierra Nevada,5500ft - 6889ft
http://www.onthesnow.com/vermont/mount-snow/ski-resort.html,13,20,39 Mount Snow Road,73,588,West,N/A,8,N/A,0,Mount Snow,42.9697889,166,-72.89604849999999,False,14,80,11/26-4/19,3.5,05356,Vermont,1900ft - 3600ft
http://www.onthesnow.com/connecticut/mount-southington-ski-area/ski-resort.html,14,7,P.O. Box 347,43,51,Southington,56.00,2,14.00,0,Mount Southington Ski Area,41.65629800000001,80,-72.814343,True,43,14,1/ 5-4/ 5,2.8,06489,Connecticut,100ft - 525ft
http://www.onthesnow.com/new-hampshire/mount-sunapee/ski-resort.html,25,10,P.O. Box 2021 Route 103,49,232,Newbury,82.00,4,49.00,0,Mount Sunapee,43.3834109,100,-71.95261889999999,False,26,66,11/27-4/19,3,03255,New Hampshire,1232ft - 2742ft
http://www.onthesnow.com/maine/mt-abram-ski-resort/ski-resort.html,20,5,Howe Hill Road,50,560,Greenwood,N/A,0,N/A,5,Mt. Abram Ski Resort,44.4097328,125,-70.5807311,True,25,54,12/ 5-4/12,3.2,04255,Maine,1050ft - 2250ft
http://www.onthesnow.com/oregon/mt-bachelor/ski-resort.html,35,12,P.O. Box 1000,25,3683,Bend,84.00,5,42.00,25,Mt. Bachelor,44.1231839,462,-121.248579,False,15,88,11/21-5/30,3.3,97702,Oregon,5700ft - 9064ft
http://www.onthesnow.com/washington/mt-baker/ski-resort.html,0,8,1420 Iowa St.,45,1000,Bellingham,58.00,0,25.00,31,Mt. Baker,41.2848589,682,-91.6916399,False,24,38,11/19-4/19,3.5,98229,Washington,3589ft - 5089ft
http://www.onthesnow.com/california/mt-baldy/ski-resort.html,20,4,P.O. Box 459,40,400,Mt,69.00,0,29.00,20,Mt. Baldy,36.2203745,178,-115.2988078,False,20,26,12/29-3/29,2.7,91759,Sierra Nevada,6500ft - 8600ft
http://www.onthesnow.com/michigan/mount-brighton/ski-resort.html,30,12,4141 Bauer Road,40,130,Brighton,N/A,5,N/A,0,Mt. Brighton,42.9216865,60,-85.88615829999999,True,30,24,1/ 1-3/22,3,48116,Michigan,1100ft - 1330ft
http://www.onthesnow.com/iowa/mt-crescent-ski-area/ski-resort.html,27,2,P.O. Box 69,45,50,Crescent,39.00,1,5.00,9,Mt. Crescent Ski Area,41.376459,30,-95.8487349,True,18,11,12/27-3/ 8,2.8,51526,Iowa,1200ft - 1500ft
http://www.onthesnow.com/oregon/mt-hood-meadows/ski-resort.html,20,14,P.O. Box 470,50,2150,Mt,N/A,6,N/A,15,Mt. Hood Meadows,45.373615,430,-121.695951,True,15,85,11/21-5/ 1,3.4,97041,Mt. Hood,4522ft - 7300ft
http://www.onthesnow.com/oregon/mt-hood-ski-bowl/ski-resort.html,40,9,PO Box 280,40,960,Government,53.00,0,0.00,0,Mt. Hood Ski Bowl,45.3029517,300,-121.7170303,True,20,65,12/16-4/13,3.3,97028,Mt. Hood,3600ft - 5100ft
http://www.onthesnow.com/maine/mt-jefferson/ski-resort.html,33,3,P. O. Box 35,34,12,Lee,N/A,0,N/A,0,Mt. Jefferson,45.4266579,N/A,-68.212988,False,33,10,2/16-3/29,2.9,04455,Maine,351ft - 752ft
http://www.onthesnow.com/nevada/mt-rose-ski-tahoe/ski-resort.html,40,8,22222 Mt. Rose Hwy.,30,1200,Reno,N/A,3,N/A,10,Mt. Rose - Ski Tahoe,42.002207,300,-114.0396479,False,20,60,11/ 4-4/19,3.4,89511,Sierra Nevada,8260ft - 9700ft
http://www.onthesnow.com/washington/mt-spokane-ski-and-snowboard-park/ski-resort.html,45,5,29500 North Mt. Spokane Park Dr.,32,1000,Mead,54.00,3,0.00,0,Mt. Spokane Ski and Snowboard Park,47.9214384,300,-117.0964331,True,23,47,12/11-3/29,3,99021,Washington,3818ft - 5889ft
http://www.onthesnow.com/michigan/mulligans-hollow-ski-bowl/ski-resort.html,25,5,Box 969,25,10,Grand,16.00,0,12.00,25,Mulligan's Hollow Ski Bowl,44.3064819,60,-84.6332705,True,25,6,1/ 7-3/22,0,49417,Michigan,570ft - 700ft
http://www.onthesnow.com/massachusetts/nashoba-valley/ski-resort.html,29,11,PO Box 309,47,52,Westford,54.00,2,42.00,0,Nashoba Valley,42.653754,55,-71.3854379,True,24,17,12/29-3/29,2.8,01886,Massachusetts,200ft - 440ft
http://www.onthesnow.com/maine/new-hermon-mountain/ski-resort.html,30,3,RR1 Box 3347,30,70,Stockton,27.00,0,22.00,0,New Hermon Mountain,54.592121,90,-1.2675421,True,40,20,12/26-3/29,2.6,04981,New England,100ft - 450ft
http://www.onthesnow.com/wisconsin/nordic-mountain/ski-resort.html,33,7,W5806 Cty Rd W,28,60,Wild,44.00,3,0.00,11,Nordic Mountain,43.762983,80,-88.507854,True,28,18,11/28-3/22,2.9,54984,Wisconsin,872ft - 1137ft
http://www.onthesnow.com/utah/wolf-creek/ski-resort.html,30,4,3567 Nordic Valley Way,40,88,Eden,39.00,0,25.00,0,Nordic Valley Resort,41.310101,300,-111.864812,True,30,22,12/19-2/16,3,84310,Utah,5439ft - 6400ft
http://www.onthesnow.com/california/northstar-california/ski-resort.html,37,20,PO Box 129,47,3170,Truckee,N/A,7,N/A,0,Northstar California,39.3289345,350,-120.2197715,False,16,100,11/14-4/17,3.3,96160,Sierra Nevada,6329ft - 8610ft
http://www.onthesnow.com/michigan/norway-mountain/ski-resort.html,33,6,P.O. Box 95,33,186,Norway,45.00,2,20.00,28,Norway Mountain,45.823961,100,-87.8825968,True,6,17,12/ 4-3/29,3,49870,Michigan,835ft - 1335ft
http://www.onthesnow.com/michigan/nubs-nob-ski-area/ski-resort.html,20,11,500 Nub's Nob Road,50,248,Harbor,70.00,3,47.00,0,Nubs Nob Ski Area,45.4720851,135,-84.90393159999999,True,30,53,11/27-4/10,3.1,49740,Michigan,911ft - 1337ft
http://www.onthesnow.com/new-york/oak-mountain/ski-resort.html,18,3,141 Novosel Way,27,46,Speculator,38.00,1,0.00,9,Oak Mountain,43.5181145,120,-74.3622147,True,45,22,12/31-3/28,0,12164,New York,1750ft - 2400ft
http://www.onthesnow.com/tennessee/ober-gatlinburg-ski-resort/ski-resort.html,20,4,1001 Parkway,60,N/A,Gatlinburg,65.00,1,0.00,0,Ober Gatlinburg Ski Resort,35.7092446,35,-83.52105279999999,False,20,10,12/20-3/15,2.9,37738,Tennessee,2700ft - 3300ft
http://www.onthesnow.com/vermont/okemo-mountain-resort/ski-resort.html,23,20,77 Okemo Ridge Road,37,667,Ludlow,97.00,9,65.00,8,Okemo Mountain Resort,43.40216239999999,200,-72.71669849999999,False,32,121,11/24-4/27,3.7,05149,Vermont,1143ft - 3343ft
http://www.onthesnow.com/massachusetts/otis-ridge-ski-area/ski-resort.html,30,4,159 Monterey Road - Route 23,40,60,MA,40.00,1,0.00,0,Otis Ridge Ski Area,42.196813,70,-73.0999621,True,30,11,12/12-3/29,2.9,01253,Massachusetts,1300ft - 1700ft
http://www.onthesnow.com/new-mexico/pajarito-mountain-ski-area/ski-resort.html,30,6,P.O. Box 155,50,280,Los,N/A,2,N/A,0,Pajarito Mountain Ski Area,37.0002931,163,-103.001964,False,20,44,11/27-4/10,2.9,87544,New Mexico,9031ft - 10441ft
http://www.onthesnow.com/indiana/paoli-peaks/ski-resort.html,13,8,P.O. Box 67,33,65,Paoli,42.00,2,0.00,7,Paoli Peaks,38.5714659,18,-86.44524009999999,True,47,15,1/ 4-3/13,3.1,47454,Indiana,600ft - 900ft
http://www.onthesnow.com/utah/park-city-mountain-resort/ski-resort.html,30,41,P.O. Box 39,51,7300,Park,N/A,6,N/A,10,Park City,30.118589,355,-94.6412756,True,9,334,11/21-4/10,4.1,84060,Utah,6800ft - 10000ft
http://www.onthesnow.com/new-hampshire/pats-peak/ski-resort.html,11,11,PO Box 2448,21,115,Henniker,66.00,3,0.00,18,Pats Peak,43.231922,100,-71.733116,True,50,28,12/26-3/27,3.1,03242,New Hampshire,690ft - 1460ft
http://www.onthesnow.com/idaho/pebble-creek-ski-area/ski-resort.html,29,3,P.O. Box 370,30,1100,Inkom,43.00,2,3.00,29,Pebble Creek Ski Area,42.8017709,250,-112.2301141,True,12,54,12/22-4/ 3,3.2,83245,Idaho,6360ft - 8560ft
http://www.onthesnow.com/new-york/peekn-peak/ski-resort.html,15,10,P.O. Box 360,45,110,Findley,57.00,4,0.00,10,Peek'n Peak,42.4694438,225,-78.25932270000001,True,30,27,12/26-4/12,3.3,14736,New York,1400ft - 1800ft
http://www.onthesnow.com/indiana/perfect-north-slopes/ski-resort.html,20,11,19074 Perfect Lane,50,100,Lawrenceburg,47.00,0,35.00,10,Perfect North Slopes,39.150955,24,-84.8858812,True,20,23,12/26-3/15,3.1,47025,Indiana,400ft - 800ft
http://www.onthesnow.com/vermont/pico-mountain-at-killington/ski-resort.html,33,7,4763 Killington Road,46,468,Killington,N/A,0,N/A,3,Pico Mountain ,43.619801,250,-72.80270999999999,False,18,57,1/ 2-4/ 3,3.7,05751,Vermont,2000ft - 3966ft
http://www.onthesnow.com/michigan/pine-knob-ski-resort/ski-resort.html,40,6,7778 Sashabaw Road,20,80,Clartkston,N/A,3,N/A,20,Pine Knob Ski Resort,42.7472267,N/A,-83.3728087,False,20,14,11/25-3/15,2.9,48348,Michigan,1008ft - 1307ft
http://www.onthesnow.com/michigan/pine-mountain/ski-resort.html,25,5,N3332 Pine Mountain Road,55,160,Iron,42.00,3,15.00,0,Pine Mountain,46.42014200000001,60,-88.116573,True,20,27,12/25-4/11,3.3,49801,Michigan,1150ft - 1650ft
http://www.onthesnow.com/new-york/plattekill-mountain/ski-resort.html,20,4,469 Plattekill Mountain Road,40,110,Roxbury,61.00,1,30.00,20,Plattekill Mountain,41.621736,175,-74.01112499999999,False,20,38,1/ 1-4/17,3.2,12474,New York,2400ft - 3500ft
http://www.onthesnow.com/idaho/pomerelle-mountain-resort/ski-resort.html,20,3,P.O. Box 158,40,500,Albion,45.00,2,0.00,0,Pomerelle Mountain Resort,42.415836,500,-113.57225,True,40,24,11/26-3/29,3,83311,Idaho,8000ft - 9000ft
http://www.onthesnow.com/colorado/powderhorn/ski-resort.html,50,4,P.O. Box 370,15,1600,Mesa,69.00,2,34.00,20,Powderhorn,39.1699053,250,-108.1335011,False,15,42,12/ 4-3/23,3,81643,Colorado,8200ft - 9850ft
http://www.onthesnow.com/utah/powder-mountain/ski-resort.html,35,7,P.O. Box 450,40,7000,Eden,69.00,2,0.00,0,Powder Mountain,41.3217299,500,-111.7816529,True,25,144,12/14-4/ 5,3.4,84310,Utah,6900ft - 9422ft
http://www.onthesnow.com/connecticut/powder-ridge-park/ski-resort.html,21,5,99 Powder Hill Road,37,80,Middlefield,55.00,4,19.00,0,Powder Ridge Park,41.5016128,80,-72.7364324,True,42,19,1/ 8-3/28,3.1,06455,Connecticut,170ft - 720ft
http://www.onthesnow.com/minnesota/powder-ridge-ski-area/ski-resort.html,20,6,P.O. Box 339,40,60,Kimball,N/A,4,N/A,0,Powder Ridge Ski Area,45.32523,45,-94.2816308,True,40,15,12/18-3/22,2.9,55353,Minnesota,500ft - 790ft
http://www.onthesnow.com/colorado/durango-mountain-resort/ski-resort.html,30,9,#1 Skier Place,45,1360,Durango,85.00,5,38.00,5,Purgatory,37.326594,260,-107.814287,False,20,91,11/21-4/10,3.7,81301,Colorado,8793ft - 10822ft
http://www.onthesnow.com/vermont/burke-mountain/ski-resort.html,34,6,P.O. Box 247,42,270,East,64.00,1,0.00,10,Q Burke Mountain Resorts,45.0166591,217,-71.46503899999999,False,14,50,1/ 6-4/ 5,2.8,05832,Vermont,1210ft - 3267ft
http://www.onthesnow.com/new-hampshire/ragged-mountain-resort/ski-resort.html,39,7,620 Ragged Mountain Road,30,240,Danbury,79.00,3,45.00,7,Ragged Mountain Resort,43.5204062,100,-71.8367476,False,23,56,12/ 5-4/10,2.9,03230,New Hampshire,1000ft - 2250ft
http://www.onthesnow.com/montana/red-lodge-mountain/ski-resort.html,28,7,P.O. Box 750,45,1600,Red,N/A,0,N/A,10,Red Lodge Mountain,46.9862214,250,-109.1574294,False,17,71,11/27-4/ 3,3,59068,Montana,7016ft - 9416ft
http://www.onthesnow.com/new-mexico/red-river/ski-resort.html,30,7,P.O. Box 900,38,257,Red,68.00,3,38.00,0,Red River,32.3827472,218,-103.740632,False,32,58,11/25-3/20,3.3,87558,New Mexico,8750ft - 10350ft
http://www.onthesnow.com/pennsylvania/roundtop-mountain-resort/ski-resort.html,40,8,925 Roundtop Rd.,25,103,Lewisberry,72.00,2,33.00,15,Roundtop Mountain Resort,40.2114602,30,-76.68884539999999,True,20,20,1/ 6-3/22,2.8,17339,Pennsylvania,800ft - 1400ft
http://www.onthesnow.com/new-york/royal-mountain-ski-area/ski-resort.html,33,3,3072 State Highway 10,34,35,Caroga,40.00,0,0.00,0,Royal Mountain Ski Area,40.7400265,90,-74.00931899999999,False,33,14,1/ 1-4/19,2.9,12032,New York,1250ft - 1800ft
http://www.onthesnow.com/maine/saddleback-inc/ski-resort.html,25,5,P.O. Box 490,30,440,Rangeley,69.00,2,0.00,10,Saddleback Inc.,45.030619,200,-70.62821699999999,False,35,66,2/16-4/19,3.3,04970,Maine,2460ft - 4120ft
http://www.onthesnow.com/new-mexico/sandia-peak/ski-resort.html,23,5,10 Tramway Loop N.E.,46,200,Albuquerque,55.00,1,30.00,0,Sandia Peak,35.1925958,49,-106.4875938,False,31,39,12/26-3/13,2.7,87122,New Mexico,8677ft - 10377ft
http://www.onthesnow.com/north-carolina/sapphire-valley/ski-resort.html,0,3,P.O. Box 2048,0,8,Cashiers,36.00,1,20.00,0,Sapphire Valley,35.125094,24,-83.08309489999999,True,0,2,1/ 9-3/ 8,2.4,28717,North Carolina,3200ft - 3450ft
http://www.onthesnow.com/idaho/schweitzer/ski-resort.html,35,9,"10,000 Schweitzer Mountain Road",40,2900,Sandpoint,73.00,3,40.00,15,Schweitzer,48.3798677,300,-116.6351212,True,10,92,11/25-4/10,3.5,83864,Idaho,4000ft - 6400ft
http://www.onthesnow.com/iowa/seven-oaks/ski-resort.html,25,4,1086 222nd Drive,50,35,Boone,N/A,2,N/A,0,Seven Oaks,42.03069869999999,40,-93.9533806,True,25,11,12/30-3/ 8,2.9,50036,Iowa,800ft - 975ft
http://www.onthesnow.com/pennsylvania/seven-springs/ski-resort.html,18,14,777 Waterwheel Drive,42,285,Seven,65.00,7,0.00,3,Seven Springs,40.2208066,142,-74.844071,True,36,33,12/23-4/ 5,3.1,15622,Pennsylvania,2240ft - 2993ft
http://www.onthesnow.com/michigan/shanty-creek/ski-resort.html,51,6,One Shanty Creek Road,24,70,Bellaire,64.00,5,40.00,0,Shanty Creek Resorts  Schuss Mountain,44.9863829,180,-85.182709,True,24,41,12/21-3/22,3.1,49615,Michigan,675ft - 1125ft
http://www.onthesnow.com/michigan/shanty-creek-resorts--summit-mountain/ski-resort.html,36,3,,45,N/A,,28.00,1,20.00,0,Shanty Creek Resorts  Summit Mountain,45.0492909,180,-85.079247,False,18,11,1/19-3/15,0,49615,North America,675ft - 1125ft
http://www.onthesnow.com/pennsylvania/shawnee-mountain-ski-area/ski-resort.html,26,10,P.O. Box 339,48,125,Shawnee,60.00,2,35.00,0,Shawnee Mountain Ski Area,41.0123174,50,-75.1107332,True,26,23,12/26-3/27,3.1,18356,Pennsylvania,650ft - 1350ft
http://www.onthesnow.com/maine/shawnee-peak/ski-resort.html,20,5,119 Mountain Road,45,239,Bridgton,N/A,2,N/A,10,Shawnee Peak,44.0589437,110,-70.8154231,True,25,43,12/12-4/ 5,2.8,04009,Maine,600ft - 1900ft
http://www.onthesnow.com/montana/showdown-ski-area/ski-resort.html,28,4,P.O. Box 92,44,640,Neihart,43.00,1,0.00,0,Showdown Montana,46.95436189999999,250,-110.7140271,False,28,36,12/18-4/ 4,3.1,59465,Montana,6800ft - 8200ft
http://www.onthesnow.com/california/sierra-at-tahoe/ski-resort.html,15,14,1111 Sierra-at-Tahoe Road,50,2000,Twin,93.00,5,29.00,10,Sierra-at-Tahoe,39.1836432,480,-120.1137182,False,25,46,11/20-4/30,3.5,95735,Sierra Nevada,6639ft - 8852ft
http://www.onthesnow.com/idaho/silver-mountain/ski-resort.html,30,7,610 Bunker Avenue,40,1600,Kellogg,54.00,3,0.00,10,Silver Mountain,47.54094569999999,300,-116.1327643,True,20,80,12/18-3/29,3,83837,Idaho,4100ft - 6300ft
http://www.onthesnow.com/colorado/silverton-mountain/ski-resort.html,0,1,P.O. Box 856,0,1819,Silverton,49.00,0,49.00,100,Silverton Mountain,37.819348,400,-107.650379,False,0,69,12/21-4/12,2.9,81433,Colorado,10400ft - 13487ft
http://www.onthesnow.com/new-mexico/sipapu-ski-and-summer-resort/ski-resort.html,30,6,,40,200,Vadito,44.00,4,22.00,10,Sipapu Ski Resort,36.2025181,190,-105.6625671,False,20,42,11/20-4/12,3.2,87579,New Mexico,8200ft - 9254ft
http://www.onthesnow.com/new-mexico/ski-apache/ski-resort.html,27,9,Box 220,55,750,Ruidoso,68.00,3,35.00,0,Ski Apache,33.475344,185,-105.5036891,False,18,55,11/26-4/ 3,3.3,88312,New Mexico,9600ft - 11500ft
http://www.onthesnow.com/pennsylvania/big-bear/ski-resort.html,33,6,HC1 BOX 1A 353,28,26,Lackawaxen,57.00,1,0.00,6,Ski Big Bear,41.482034,69,-74.9860016,True,33,18,12/26-4/ 5,2.6,18435,Pennsylvania,600ft - 1250ft
http://www.onthesnow.com/michigan/ski-brule/ski-resort.html,24,11,397 Brule Mountain Road,35,150,Iron,25.00,3,0.00,6,Ski Brule,46.0289655,150,-88.6990951,True,35,17,11/22-4/20,4.5,49935,Michigan,1360ft - 1860ft
http://www.onthesnow.com/massachusetts/ski-butternut/ski-resort.html,20,11,380 State Road - Route 23,60,110,Great,60.00,2,15.00,0,Ski Butternut,41.6432266,115,-70.996307,False,20,22,12/29-4/ 5,2.9,01230,Massachusetts,800ft - 1800ft
http://www.onthesnow.com/california/ski-china-peak/ski-resort.html,33,11,P.O. Box 236,28,450,Lakeshore,75.00,3,23.00,28,Ski China Peak,37.2530002,300,-119.1748429,False,11,45,11/27-4/ 3,3.2,93634,California,7029ft - 8708ft
http://www.onthesnow.com/colorado/ski-cooper/ski-resort.html,36,4,P.O. Box 896,36,400,Leadville,48.00,2,0.00,0,Ski Cooper,39.255858,260,-106.279582,False,28,39,11/27-4/10,3.1,80461,Colorado,10400ft - 11700ft
http://www.onthesnow.com/colorado/ski-granby-ranch/ski-resort.html,24,5,P.O. Box 1110,40,406,Granby,64.00,6,0.00,0,Ski Granby Ranch,40.1207299,220,-105.876203,True,36,40,12/17-3/27,3.1,80446,Colorado,8202ft - 9202ft
http://www.onthesnow.com/south-dakota/ski-mystic-at-deer-mountain/ski-resort.html,25,4,PO Box 622,30,590,Lead,42.00,2,4.00,25,Ski Mystic at Deer Mountain,44.363129,200,-103.7376561,True,20,45,12/25-3/22,2.6,57754,South Dakota,6039ft - 6850ft
http://www.onthesnow.com/new-mexico/ski-santa-fe/ski-resort.html,40,7,"2209 Brothers Road, Suite 220",40,660,Santa,72.00,1,52.00,0,Ski Santa Fe,35.6512939,225,-105.9520721,False,20,79,11/26-4/ 3,3.3,87505,New Mexico,10350ft - 12075ft
http://www.onthesnow.com/pennsylvania/ski-sawmill/ski-resort.html,40,5,383 Oregon Hill Rd.,25,15,Morris,37.00,1,20.00,0,Ski Sawmill,41.5257622,24,-77.28319119999999,True,35,14,1/ 9-3/29,3.1,16938,Pennsylvania,1700ft - 2215ft
http://www.onthesnow.com/illinois/ski-snowstar-winter-sports-park/ski-resort.html,45,6,9500 126th St. West,40,28,Andalusia,34.00,1,0.00,0,Ski Snowstar Winter Sports Park,41.4251812,38,-90.7462158,True,15,15,1/ 2-3/15,2.9,61232,Illinois,527ft - 790ft
http://www.onthesnow.com/connecticut/ski-sundown/ski-resort.html,19,5,PO Box 208,25,70,New,60.00,2,18.00,6,Ski Sundown,41.43839819999999,45,-72.83131790000002,True,50,16,1/ 8-4/ 3,3.1,06057,Connecticut,450ft - 1075ft
http://www.onthesnow.com/massachusetts/ski-ward/ski-resort.html,20,4,1000 Main St,50,45,Shrewsbury,45.00,1,10.00,0,Ski Ward,41.687228,80,-69.97210299999999,True,30,11,1/ 4-3/15,2.8,01545,Massachusetts,210ft - 420ft
http://www.onthesnow.com/wyoming/sleeping-giant-ski-resort/ski-resort.html,37,3,348 Yellowstone Highway,36,184,Cody,N/A,2,N/A,12,Sleeping Giant Ski Resort,42.7595877,300,-105.3840553,False,15,47,12/26-3/ 8,3.1,82414,Wyoming,6600ft - 7400ft
http://www.onthesnow.com/vermont/smugglers-notch-resort/ski-resort.html,25,8,4323 Vermont Route 108 South,50,1000,Smugglers,72.00,6,0.00,6,Smugglers' Notch Resort,44.507011,322,-73.17312869999999,False,19,78,11/27-4/17,3.7,05464,Vermont,1030ft - 3639ft
http://www.onthesnow.com/utah/snowbasin/ski-resort.html,24,12,P.O. Box 460,43,3000,Huntsville,99.00,4,0.00,22,Snowbasin,41.26831,300,-111.760254,False,11,104,11/25-4/10,3.7,84317,Utah,6400ft - 9350ft
http://www.onthesnow.com/utah/snowbird/ski-resort.html,20,11,P.O. Box 929000,38,2500,Snowbird,N/A,1,N/A,15,Snowbird,40.5818948,500,-111.6552024,True,27,169,11/20-5/ 9,4.3,84092,Utah,7760ft - 11000ft
http://www.onthesnow.com/missouri/snow-creek/ski-resort.html,39,5,P.O. Box 567,39,30,Weston,N/A,2,N/A,0,Snow Creek,39.4295909,20,-94.8634359,True,22,12,1/ 2-3/13,2.5,64098,Missouri,800ft - 1100ft
http://www.onthesnow.com/wyoming/snow-king-resort/ski-resort.html,20,3,PO Box SKI,25,400,Jackson,47.00,2,0.00,40,Snow King Resort,43.491205,300,-110.7377219,True,15,32,12/ 5-3/27,2.4,83001,Wyoming,6237ft - 7808ft
http://www.onthesnow.com/new-york/snow-ridge/ski-resort.html,33,6,PO Box 100 Route 26,33,130,Turin,39.00,2,30.00,19,Snow Ridge,43.638433,230,-75.3961309,True,14,21,1/ 1-4/ 3,2.8,13473,New York,1350ft - 2000ft
http://www.onthesnow.com/west-virginia/snowshoe-mountain-resort/ski-resort.html,19,14,P.O. Box 10,33,251,Snowshoe,N/A,5,N/A,3,Snowshoe Mountain Resort,38.4323219,180,-79.96581599999999,True,36,57,1/ 2-3/27,3.4,26209,West Virginia,3347ft - 4847ft
http://www.onthesnow.com/michigan/snow-snake-mountain-ski-area/ski-resort.html,20,6,3407 E. Mannsiding Road,50,40,Harrison,27.00,2,0.00,0,Snow Snake Mountain Ski Area,43.9557526,N/A,-84.7801775,True,30,12,1/ 6-3/15,2.9,48625,Michigan,1020ft - 1230ft
http://www.onthesnow.com/california/snow-summit/ski-resort.html,19,14,P.O. Box 77,54,240,Big,N/A,3,N/A,8,Snow Summit,37.333461,100,-118.800585,True,19,26,11/13-3/29,3.1,92315,Big Bear Lake,7000ft - 8200ft
http://www.onthesnow.com/ohio/snow-trails/ski-resort.html,20,9,P.O. Box 1456,60,80,Mansfield,49.00,3,16.00,0,Snow Trails,40.843412,50,-82.457189,True,20,17,1/ 7-3/23,2.9,44901,Ohio,1173ft - 1475ft
http://www.onthesnow.com/california/snow-valley/ski-resort.html,32,12,P.O. Box 2337,46,240,Running,66.00,6,25.00,7,Snow Valley,39.070233,160,-121.0877165,True,14,28,11/28-3/22,3,92382,Sierra Nevada,6800ft - 7841ft
http://www.onthesnow.com/wyoming/snowy-range-ski-recreation-area/ski-resort.html,30,5,Po Box 247,40,75,Centennial,45.00,2,0.00,0,Snowy Range Ski & Recreation Area,41.3305809,250,-106.0762839,False,30,27,11/27-4/ 3,3.3,82055,Wyoming,8797ft - 9662ft
http://www.onthesnow.com/california/soda-springs/ski-resort.html,46,4,P.O. Box 39,31,200,Truckee,69.00,0,39.00,0,Soda Springs,39.3289345,400,-120.2197715,False,23,13,12/17-3/29,2.8,96160,Sierra Nevada,6700ft - 7352ft
http://www.onthesnow.com/idaho/soldier-mountain-ski-area/ski-resort.html,10,3,P.O. Box 510,50,1142,Fairfield,38.00,0,10.00,20,Soldier Mountain Ski Area,43.351686,N/A,-114.7868229,False,20,36,12/18-3/15,3.1,83327,Idaho,5800ft - 7200ft
http://www.onthesnow.com/utah/solitude-mountain-resort/ski-resort.html,36,8,12000 Big Cottonwood Canyon,40,1200,Brighton,79.00,0,0.00,14,Solitude Mountain Resort,40.6347823,500,-111.6144911,False,10,77,11/21-4/17,3.5,84121,Utah,7987ft - 10035ft
http://www.onthesnow.com/new-york/song-mountain/ski-resort.html,13,5,PO Box 149,29,93,Tully,50.00,0,15.00,8,Song Mountain,42.804871,125,-76.101439,True,50,24,12/24-4/19,2.7,13159,New York,1240ft - 1940ft
http://www.onthesnow.com/minnesota/spirit-mountain/ski-resort.html,35,7,9500 Spirit Mountain Place,35,175,Duluth,48.00,2,5.00,0,Spirit Mountain,46.7182684,100,-92.21673659999999,True,30,22,12/ 4-3/29,2.9,55810,North America,620ft - 1320ft
http://www.onthesnow.com/oregon/spout-springs/ski-resort.html,20,4,79327 Highway 204,35,200,Weston,35.00,0,25.00,0,Spout Springs,45.5673018,118,-117.9512016,True,45,14,1/ 3-3/22,2.9,97813,Oregon,4850ft - 5500ft
http://www.onthesnow.com/pennsylvania/spring-mountain-ski-area/ski-resort.html,13,6,P.O. Box 276,50,45,Spring,43.00,1,5.00,0,Spring Mountain Ski Area,41.796722,20,-80.32645210000001,True,37,9,1/ 6-3/15,2.8,19478,Pennsylvania,78ft - 527ft
http://www.onthesnow.com/california/squaw-valley-usa/ski-resort.html,53,42,PO Box 2007,38,6000,Olympic,139.00,5,69.00,0,Squaw Valley - Alpine Meadows,39.2028374,450,-120.208193,True,9,197,11/12-5/ 2,3.9,96146,Sierra Nevada,6200ft - 9050ft
http://www.onthesnow.com/colorado/steamboat/ski-resort.html,44,18,2305 Mt. Werner Circle,42,2965,Steamboat,99.00,5,57.00,0,Steamboat,40.4573645,352,-106.8041682,True,14,165,11/25-4/10,4.2,80487,Colorado,6900ft - 10568ft
http://www.onthesnow.com/washington/stevens-pass-resort/ski-resort.html,28,10,P.O. Box 98,48,1125,Skykomish,69.00,4,0.00,18,Stevens Pass Resort,47.714656,460,-121.344459,True,6,50,12/ 4-4/19,3.4,98288,Washington,4060ft - 5845ft
http://www.onthesnow.com/vermont/stowe-mountain-resort/ski-resort.html,29,13,5781 Mountain Rd.,55,485,Stowe,N/A,0,N/A,14,Stowe Mountain Resort,44.52925560000001,314,-72.7771376,False,16,115,11/25-4/19,3.4,05672,Vermont,2035ft - 4395ft
http://www.onthesnow.com/vermont/stratton-mountain/ski-resort.html,17,11,RR #1 Box 145,31,670,Stratton,N/A,4,N/A,11,Stratton Mountain,43.1191058,180,-72.866051,False,41,97,11/28-4/13,3.6,05155,Vermont,1872ft - 3875ft
http://www.onthesnow.com/california/sugar-bowl-resort/ski-resort.html,26,13,P.O. Box 5,45,1650,Norden,103.00,3,51.00,12,Sugar Bowl Resort,39.3355533,500,-120.3443659,True,17,103,11/20-4/10,3.5,95724,Sierra Nevada,6883ft - 8383ft
http://www.onthesnow.com/vermont/sugarbush/ski-resort.html,28,16,1840 Sugarbush Access Road,45,508,Warren,75.00,5,57.00,7,Sugarbush,44.145718,262,-72.879295,False,20,111,11/26-4/10,3.5,05674,Vermont,1482ft - 4083ft
http://www.onthesnow.com/maine/sugarloaf/ski-resort.html,28,13,5092 Access Road,34,1230,Carrabassett,86.00,3,59.00,16,Sugarloaf,45.0545904,200,-70.3082913,False,23,162,11/21-5/ 3,3.2,04947,Maine,1417ft - 4237ft
http://www.onthesnow.com/north-carolina/sugar-mountain-resort/ski-resort.html,19,8,P.O. Box 369,43,125,Banner,72.00,1,34.00,5,Sugar Mountain Resort,35.4304688,77,-78.4598129,True,33,21,11/15-3/29,3.1,28604,North Carolina,4100ft - 5300ft
http://www.onthesnow.com/vermont/suicide-six/ski-resort.html,30,3,14 The Green,40,100,Woodstock,66.00,0,10.00,0,Suicide Six,43.62317400000001,90,-72.518896,False,30,23,1/12-3/22,2.8,05091,Vermont,550ft - 1200ft
http://www.onthesnow.com/wisconsin/sunburst/ski-resort.html,31,9,8355 Prospect Drive,46,37,Kewaskum,N/A,4,N/A,8,Sunburst,43.493936,50,-88.224007,True,15,13,11/28-3/22,2.9,53040,Wisconsin,866ft - 1100ft
http://www.onthesnow.com/utah/sundance/ski-resort.html,20,5,"RR #3, Box A-1",45,450,Sundance,65.00,1,21.00,0,Sundance,40.3934222,320,-111.5887709,False,35,45,12/ 4-4/ 3,3.5,84604,Utah,6100ft - 8250ft
http://www.onthesnow.com/maine/sunday-river/ski-resort.html,23,15,PO Box 4500,32,870,Newry,89.00,5,45.00,23,Sunday River,44.59684000000001,167,-70.704303,True,21,135,10/19-5/ 1,3.4,04217,Maine,825ft - 3150ft
http://www.onthesnow.com/iowa/sundown-mountain/ski-resort.html,0,6,16991 Asbury Road,60,55,Dubuque,44.00,2,0.00,10,Sundown Mountain,42.516338,45,-90.8216659,True,30,21,12/25-3/22,2.9,52002,Iowa,583ft - 1058ft
http://www.onthesnow.com/colorado/sunlight-mountain-resort/ski-resort.html,20,3,10901 County Road 117,55,680,Glenwood,60.00,1,0.00,5,Sunlight Mountain Resort,39.399789,250,-107.3387925,False,20,67,12/ 4-4/ 3,3.1,81601,Colorado,7885ft - 9895ft
http://www.onthesnow.com/arizona/sunrise-park-resort/ski-resort.html,20,7,P.O. Box 117,40,800,Greer,66.00,2,39.00,0,Sunrise Park Resort,34.0157861,250,-109.45503,True,40,65,11/26-3/29,3,85927,Arizona,9200ft - 11100ft
http://www.onthesnow.com/idaho/sun-valley/ski-resort.html,20,19,P.O. Box 10,42,2054,Sun,N/A,0,N/A,2,Sun Valley,43.5063555,220,-114.3006206,False,36,80,11/26-4/15,4,83353,Idaho,5750ft - 9150ft
http://www.onthesnow.com/new-york/swain/ski-resort.html,33,5,P.O. Box 44,39,120,Swain,54.00,3,0.00,0,Swain,42.4778443,130,-77.8533322,True,27,33,1/ 7-4/ 2,3.2,14884,New York,1320ft - 1970ft
http://www.onthesnow.com/michigan/swiss-valley/ski-resort.html,27,7,Route #1,36,60,Jones,39.00,2,0.00,0,Swiss Valley,41.9184727,60,-85.77952429999999,True,36,11,1/12-3/22,2.9,49061,Michigan,975ft - 1200ft
http://www.onthesnow.com/california/tahoe-donner/ski-resort.html,0,5,11509 Northwoods Blvd.,60,120,Truckee,47.00,4,16.00,0,Tahoe Donner,40.267742,400,-3.691838,False,40,16,12/11-4/10,3.5,96161,Sierra Nevada,6750ft - 7350ft
http://www.onthesnow.com/idaho/tamarack-resort/ski-resort.html,38,6,PMB 3003,45,1000,Tamarack,62.00,3,18.00,0,Tamarack Resort,44.9551656,300,-116.3856896,False,17,42,12/11-3/27,3.7,83615,Idaho,4900ft - 7700ft
http://www.onthesnow.com/new-mexico/taos-ski-valley/ski-resort.html,25,15,P.O. Box 90,25,1294,Taos,86.00,1,48.00,26,Taos Ski Valley,36.4239248,305,-105.5571651,False,24,112,11/26-4/ 3,4,87525,New Mexico,9206ft - 12481ft
http://www.onthesnow.com/colorado/telluride/ski-resort.html,54,18,565 Mountain Village Blvd.,30,2000,Telluride,118.00,4,0.00,0,Telluride,37.9371106,309,-107.8479595,False,16,147,11/25-4/ 3,4.3,81435,Colorado,8725ft - 13150ft
http://www.onthesnow.com/south-dakota/terry-peak-ski-area/ski-resort.html,15,5,P.O. Box 774,50,450,Lead,53.00,1,0.00,15,Terry Peak Ski Area,44.363129,150,-103.7376561,False,20,29,12/ 5-3/29,3,57754,South Dakota,5900ft - 7100ft
http://www.onthesnow.com/montana/teton-pass-ski-area/ski-resort.html,40,3,PO Box 1354,35,330,Choteau,39.00,1,0.00,10,Teton Pass Ski Resort,47.8303863,250,-112.1493698,False,15,43,12/18-3/21,3,59422,Montana,6189ft - 7200ft
http://www.onthesnow.com/michigan/the-homestead/ski-resort.html,20,5,1 Wood Ridge Road,53,16,Glen,50.00,1,20.00,0,The Homestead,44.9189102,150,-85.9653428,True,27,15,1/ 2-3/ 6,2.6,49636,Michigan,580ft - 900ft
http://www.onthesnow.com/virginia/the-homestead-ski-area/ski-resort.html,34,5,PO Box 2000,33,45,Hot,49.00,0,29.00,0,The Homestead Ski Area,38.59401140000001,50,-78.2986142,False,33,10,1/ 9-3/29,2.7,24445,Virginia,2500ft - 3200ft
http://www.onthesnow.com/washington/the-summit-at-snoqualmie/ski-resort.html,37,25,P.O. Box 1068,37,1994,Snoqualmie,66.00,2,12.00,10,The Summit at Snoqualmie,47.549428,429,-121.779668,True,17,112,12/11-5/ 5,2.8,98068,Washington,2640ft - 5420ft
http://www.onthesnow.com/new-york/thunder-ridge/ski-resort.html,20,6,"Rt. #22, PO Box 627",40,100,Patterson,50.00,0,12.00,0,Thunder Ridge,41.5264617,N/A,-73.5715584,True,40,30,1/ 7-3/22,3,12563,New York,770ft - 1270ft
http://www.onthesnow.com/west-virginia/timberline-four-seasons/ski-resort.html,14,4,HC 70 Box 488,32,100,Davis,N/A,1,N/A,20,Timberline Four Seasons,39.1475548,150,-79.4438449,True,34,39,12/22-3/22,3.5,26260,West Virginia,3267ft - 4268ft
http://www.onthesnow.com/oregon/timberline-lodge/ski-resort.html,25,6,Mountain Services Office,50,1415,TImberline,70.00,5,26.00,0,Timberline Lodge,45.327303,550,-121.711112,True,25,41,11/21-5/25,3.1,97028,Oregon,6000ft - 8539ft
http://www.onthesnow.com/michigan/timber-ridge/ski-resort.html,0,8,07500 23 1/2 Street,38,50,Gobles,39.00,2,0.00,19,Timber Ridge,42.3780893,N/A,-85.7791522,True,44,16,1/ 4-3/15,3,49055,Michigan,600ft - 850ft
http://www.onthesnow.com/new-york/titus-mountain/ski-resort.html,22,10,215 Johnson Rd.,38,200,Malone,45.00,3,23.00,6,Titus Mountain,40.706993,100,-73.941121,True,34,50,1/ 2-4/ 5,3,12953,New York,825ft - 2025ft
http://www.onthesnow.com/new-york/toggenburg-mountain/ski-resort.html,34,5,P.O. Box 162,33,85,Fabius,50.00,2,15.00,0,Toggenburg Mountain,42.839202,130,-75.97729389999999,True,33,21,1/ 8-3/29,2.9,13063,New York,1300ft - 2000ft
http://www.onthesnow.com/michigan/treetops-resort/ski-resort.html,39,5,3962 Wilkinson Road,43,80,Gaylord,N/A,4,N/A,0,Treetops Resort,44.9959613,175,-84.62128109999999,True,17,23,12/11-3/27,2.8,49735,Michigan,1120ft - 1345ft
http://www.onthesnow.com/wisconsin/trollhaugen/ski-resort.html,35,8,2232 100th Avenue,39,86,Dresser,N/A,3,N/A,0,Trollhaugen,41.5325257,50,-87.4614751,True,26,24,12/17-3/28,3,54009,North America,920ft - 1200ft
http://www.onthesnow.com/pennsylvania/tussey-mountain/ski-resort.html,0,5,P.O. Box 885,40,38,Boalsburg,45.00,1,0.00,20,Tussey Mountain,40.795098,41,-77.7334389,True,40,8,1/ 7-3/29,2.8,16827,Pennsylvania,1230ft - 1750ft
http://www.onthesnow.com/new-york/tuxedo-ridge-at-sterling-forest/ski-resort.html,42,4,581 Route 17A,28,35,Tuxedo,60.00,0,0.00,16,Tuxedo Ridge at Sterling Forest,40.7445768,36,-74.0079804,True,14,12,4/30-4/30,2.9,10987,New York,785ft - 1185ft
http://www.onthesnow.com/wisconsin/tyrol-basin/ski-resort.html,40,5,3487 Bohn Road,33,32,Mt,48.00,5,0.00,4,Tyrol Basin,43.0460365,41,-89.78224340000001,True,23,18,11/28-3/29,2.9,53572,Wisconsin,860ft - 1160ft
http://www.onthesnow.com/colorado/vail/ski-resort.html,28,31,P.O. Box 7,29,5289,Vail,N/A,3,N/A,25,Vail,39.6522939,353,-106.2797469,False,18,195,11/20-4/10,4.2,81658,Colorado,8120ft - 11570ft
http://www.onthesnow.com/illinois/villa-olivia/ski-resort.html,10,7,1401 W. Lake St.,40,15,Bartlett,39.00,1,16.00,10,Villa Olivia,41.9459478,25,-88.023054,True,40,7,1/ 2-3/16,2.7,60103,Illinois,320ft - 500ft
http://www.onthesnow.com/massachusetts/wachusett-mountain-ski-area/ski-resort.html,19,8,499 Mountain Road,62,112,Princeton,N/A,2,N/A,0,Wachusett Mountain Ski Area,42.503554,100,-71.88543299999999,True,19,26,12/20-4/10,3.3,01541,Massachusetts,1006ft - 2006ft
http://www.onthesnow.com/new-hampshire/waterville-valley/ski-resort.html,18,11,P.O. Box 540,60,220,Waterville,N/A,4,N/A,2,Waterville Valley,43.85092119999999,148,-71.6450485,False,20,50,11/27-4/14,3.2,03215,New Hampshire,1983ft - 4004ft
http://www.onthesnow.com/minnesota/welch-village/ski-resort.html,15,10,Box 146,50,125,Welch,54.00,1,44.00,4,Welch Village,44.5683003,45,-92.7385321,True,31,50,11/27-3/21,3.1,55089,Minnesota,700ft - 1060ft
http://www.onthesnow.com/new-york/west-mountain/ski-resort.html,9,5,59 West Mountain Rd.,55,124,Glen,48.00,1,32.00,0,West Mountain,43.2856216,80,-73.72528129999999,True,36,29,1/ 6-4/ 5,3,12804,New York,460ft - 1470ft
http://www.onthesnow.com/new-hampshire/whaleback-mountain/ski-resort.html,23,3,Enfield,41,85,Enfiled,45.00,2,22.00,13,Whaleback Mountain,43.6585911,110,-72.02015209999999,True,23,30,1/10-3/29,3,03748,New Hampshire,1100ft - 1800ft
http://www.onthesnow.com/wisconsin/whitecap-mountain/ski-resort.html,22,7,9106 W County Road E,33,400,Upson,45.00,1,17.00,12,Whitecap Mountain,44.8140126,200,-91.6288178,False,33,43,12/17-3/22,3.1,54565,Wisconsin,1295ft - 1750ft
http://www.onthesnow.com/new-york/whiteface-mountain-resort/ski-resort.html,38,11,Whiteface Mountain Route 86,42,288,Wilmington,92.00,5,58.00,0,Whiteface Mountain Resort,44.442813,168,-73.745713,False,20,80,11/27-4/19,3.1,12997,New York,1220ft - 4650ft
http://www.onthesnow.com/montana/whitefish-mountain-resort/ski-resort.html,42,14,P.O. Box 1400,40,3000,Whitefish,73.00,3,31.00,6,Whitefish Mountain Resort,48.48640400000001,300,-114.3077071,True,12,105,12/ 5-4/10,3.4,59937,Montana,4464ft - 6816ft
http://www.onthesnow.com/washington/white-pass/ski-resort.html,20,8,P.O. Box 3030,60,1402,White,62.00,2,5.00,0,White Pass,39.54679369999999,350,-83.285924,True,20,45,11/28-4/26,3.3,98937,Washington,4500ft - 6550ft
http://www.onthesnow.com/wyoming/white-pine-ski-area/ski-resort.html,40,2,P.O. Box 1420,32,370,Pinedale,N/A,0,N/A,0,White Pine Ski Area,42.875012,150,-109.8509331,False,28,25,12/ 4-3/28,2.3,82941,Wyoming,8400ft - 9500ft
http://www.onthesnow.com/pennsylvania/whitetail-resort/ski-resort.html,0,9,13805 Blairs Valley Rd.,45,120,Mercersburg,77.00,2,0.00,23,Whitetail Resort,39.7417979,40,-77.9330358,True,32,25,1/ 7-3/27,3.3,17236,Pennsylvania,865ft - 1800ft
http://www.onthesnow.com/new-hampshire/wildcat-mountain/ski-resort.html,33,5,P.O. Box R,46,225,Jackson,79.00,1,40.00,0,Wildcat Mountain,44.244235,200,-71.0974899,False,21,48,11/25-5/ 1,3.1,03846,New Hampshire,1950ft - 4062ft
http://www.onthesnow.com/minnesota/wild-mountain-ski-snowboard-area/ski-resort.html,33,8,P.O. Box 235,34,100,Taylors,49.00,4,0.00,0,Wild Mountain Ski & Snowboard Area,47.6846075,50,-92.3443829,True,33,26,11/20-3/20,2.8,55084,Minnesota,812ft - 1112ft
http://www.onthesnow.com/oregon/willamette-pass/ski-resort.html,10,6,PO Box 5550,45,555,Eugene,49.00,2,30.00,24,Willamette Pass,44.13261989999999,430,-123.0366989,True,21,29,12/18-3/22,3,97405,Oregon,5120ft - 6683ft
http://www.onthesnow.com/new-york/willard-mountain/ski-resort.html,30,5,PO Box 65,40,50,Greenwich,40.00,0,36.00,0,Willard Mountain,43.1042711,80,-73.4816416,True,30,14,1/ 7-4/ 5,2.7,12834,New York,910ft - 1415ft
http://www.onthesnow.com/wisconsin/wilmot-mountain/ski-resort.html,40,8,P.O. Box 177,30,135,Wilmot,42.00,0,16.00,0,Wilmot Mountain,42.5249949,70,-88.1748678,True,30,25,12/25-3/22,3,53192,Wisconsin,800ft - 1030ft
http://www.onthesnow.com/new-york/windham-mountain/ski-resort.html,16,12,P.O. Box 459,43,285,Windham,82.00,6,47.00,11,Windham Mountain,42.331507,105,-74.23262989999999,True,30,54,12/20-4/ 3,3.5,12496,New York,1500ft - 3100ft
http://www.onthesnow.com/virginia/wintergreen-resort/ski-resort.html,42,5,PO Box 706,35,129,Wintergreen,85.00,2,0.00,0,Wintergreen Resort,37.8848619,34,-78.89946719999999,True,23,27,1/ 7-3/22,3,22958,Virginia,2512ft - 3514ft
http://www.onthesnow.com/colorado/winter-park-resort/ski-resort.html,34,25,P.O. Box 36,38,3081,Winter,N/A,8,N/A,5,Winter Park Resort,38.8569525,354,-104.9282278,False,24,153,11/18-4/26,3.8,80482,Colorado,9000ft - 12060ft
http://www.onthesnow.com/west-virginia/winterplace-ski-resort/ski-resort.html,23,9,PO Box 1,40,90,Flat,68.00,2,0.00,0,Winterplace Ski Resort,35.5052292,100,-97.544046,True,37,27,12/23-3/27,2.7,25841,West Virginia,2997ft - 3600ft
http://www.onthesnow.com/maryland/wisp/ski-resort.html,27,12,296 Marsh Hill Road,38,172,McHenry,N/A,3,N/A,0,Wisp,39.557199,100,-79.36321699999999,True,35,0,11/27-3/27,3.1,21541,Maryland,2415ft - 3115ft
http://www.onthesnow.com/colorado/wolf-creek-ski-area/ski-resort.html,25,8,P.O. Box 2800,35,1600,Pagosa,65.00,0,6.00,20,Wolf Creek Ski Area,37.2687933,430,-107.0098397,False,20,77,10/31-4/ 3,3.5,81147,Colorado,10300ft - 11904ft
http://www.onthesnow.com/north-carolina/wolf-ridge-ski-resort/ski-resort.html,13,4,578 Valey View Circle,60,65,Mars,56.00,1,0.00,0,Wolf Ridge Ski Resort,35.9550983,65,-82.5090463,True,27,15,12/23-3/15,3,28754,North Carolina,4000ft - 4700ft
http://www.onthesnow.com/connecticut/woodbury-ski-area/ski-resort.html,25,5,785 Washington Road,25,50,Woodbury,44.00,2,17.00,25,Woodbury Ski Area,41.589959,70,-73.25490099999999,True,25,12,11/24-4/ 5,2.3,06798,Connecticut,430ft - 730ft
http://www.onthesnow.com/new-york/woods-valley-ski-area/ski-resort.html,20,6,Box 215,60,25,Westernville,43.00,0,31.00,0,Woods Valley Ski Area,43.3056251,180,-75.38295029999999,True,20,21,12/30-4/ 4,2.9,13486,New York,900ft - 1400ft
http://www.onthesnow.com/rhode-island/yawgoo-valley/ski-resort.html,30,4,Box 41,40,30,Slocum,47.00,0,23.50,0,Yawgoo Valley,41.5445778,40,-71.49739120000001,True,30,13,1/ 2-3/22,3,02877,Rhode Island,70ft - 315ft
