ID,name,city,state,addr,zip,night,park,beginner,intermediate,advanced,expert,total_runs,area,max_price,min_price,elev,dates,rating,lifts,avg_snowfall,lat,lon,link
1,49 Degrees North,Chewelah,WA,P.O. Box 166,99109,1,1,30,40,25,5,82,2325,55,0,3931ft - 5774ft,12/ 6-4/ 5,3,7,301,48.276287,-117.7155208,http://www.onthesnow.com/washington/49-degrees-north/ski-resort.html
2,Afton Alps,Hastings,MN,6600 Peller Avenue South,55033,1,5,42,42,17,0,48,250,N/A,N/A,1180ft - 1530ft,11/27-3/27,3,22,60,44.7443293,-92.8513706,http://www.onthesnow.com/minnesota/afton-alps/ski-resort.html
3,Alpental,Snoqualmie,WA,POB 1068,98068,1,0,4,17,38,42,24,825,66,12,3140ft - 5420ft,12/12-5/ 5,3,5,429,47.5287132,-121.8253906,http://www.onthesnow.com/washington/alpental/ski-resort.html
4,Alpine Mountain,Analomink,PA,PO Box 309,18320,1,1,24,38,24,14,21,99,55,0,650ft - 1150ft,1/ 7-3/13,3.1,5,50,41.051204,-75.2204589,http://www.onthesnow.com/pennsylvania/alpine-mountain/ski-resort.html
5,Alpine Valley,Chesterland,OH,10620 Mayfield,44026,1,1,33,34,33,0,11,72,43,10,1260ft - 1500ft,1/ 3-3/22,2.9,5,120,41.5222735,-81.3378874,http://www.onthesnow.com/ohio/alpine-valley/ski-resort.html
6,Alpine Valley Resort,East,WI,P.O. Box 615,53120,1,3,40,40,20,0,20,90,N/A,N/A,1020ft - 1260ft,11/24-3/16,2.9,13,80,43.7844397,-88.7878678,http://www.onthesnow.com/wisconsin/alpine-valley-resort/ski-resort.html
7,Alpine Valley Ski Area,White,MI,6775 E. Highland Road,48383,1,3,34,36,30,0,25,100,N/A,N/A,126ft - 500ft,11/25-3/15,3,14,20,46.7668793,-88.8270803,http://www.onthesnow.com/michigan/alpine-valley-ski-area/ski-resort.html
8,Alta Ski Area,Alta,UT,P.O. Box 8007,84092,0,0,25,40,35,0,116,2200,89,0,8529ft - 10550ft,11/20-4/24,3.9,11,560,40.5888394,-111.6379793,http://www.onthesnow.com/utah/alta-ski-area/ski-resort.html
9,Alyeska Resort,Girdwood,AK,P.O. Box 249,99587,1,3,11,52,37,0,76,1610,75,25,250ft - 2750ft,11/26-4/19,3.1,9,650,60.9543247,-149.1598983,http://www.onthesnow.com/alaska/alyeska-resort/ski-resort.html
10,Andes Tower Hills Ski Area,Kensington,MN,4505 Andes Road Southwest,56343,1,2,25,25,44,6,16,35,39,0,1330ft - 1620ft,11/21-3/29,2.7,4,55,45.7779073,-95.6962749,http://www.onthesnow.com/minnesota/andes-tower-hills-ski-area/ski-resort.html
11,Angel Fire Resort,Angel,NM,P.O. Box 130,87710,1,2,18,46,36,0,79,560,N/A,N/A,8600ft - 10677ft,12/11-3/20,3.6,7,210,33.0402343,-106.0135627,http://www.onthesnow.com/new-mexico/angel-fire-resort/ski-resort.html
12,Anthony Lakes Mountain Resort,North,OR,47500 Anthony Lake Highway,97867,0,2,20,38,0,42,21,1500,35,0,7100ft - 8000ft,12/ 5-4/ 5,3.1,3,300,40.2968979,-111.6946475,http://www.onthesnow.com/oregon/anthony-lakes-mountain-resort/ski-resort.html
13,Appalachian Ski Mountain,Blowing,NC,PO Box 106,28605,1,3,25,50,25,0,12,27,60,0,3635ft - 4000ft,11/24-4/ 3,3.1,5,50,36.0542152,-81.5963978,http://www.onthesnow.com/north-carolina/appalachian-ski-mtn/ski-resort.html
14,Apple Mountain,Freeland,MI,4519 N. River Road,48623,1,0,40,40,20,0,12,80,35,0,600ft - 820ft,1/ 6-3/15,3,6,52,43.5250265,-84.1227598,http://www.onthesnow.com/michigan/apple-mountain/ski-resort.html
15,Arapahoe Basin Ski Area,Dillon,CO,PO Box 5808,80435,0,3,10,30,37,23,109,960,76,36,10779ft - 13050ft,10/29-6/ 5,3.5,8,350,39.6302643,-106.0433518,http://www.onthesnow.com/colorado/arapahoe-basin-ski-area/ski-resort.html
16,Arizona Snowbowl,Flagstaff,AZ,P.O. Box 40,86002,0,3,37,42,21,0,40,777,69,35,9200ft - 11500ft,11/20-4/10,3,7,240,35.1982836,-111.651302,http://www.onthesnow.com/arizona/arizona-snowbowl/ski-resort.html
17,Aspen / Snowmass,Aspen,CO,P.O. Box 1248,81612,0,0,0,48,26,26,329,5547,139,89,7879ft - 12510ft,11/21-4/17,4.4,43,300,39.1910983,-106.8175387,http://www.onthesnow.com/colorado/aspen-snowmass/ski-resort.html
18,Attitash,Bartlett,NH,PO Box 308,03812,0,5,26,46,28,0,68,311,79,40,600ft - 2350ft,12/26-4/ 3,3,11,120,44.0738899,-71.2342866,http://www.onthesnow.com/new-hampshire/attitash/ski-resort.html
19,Badger Pass,Yosemite,CA,7082 Glacier Point Rd,95389,0,2,35,50,15,0,10,88,48.5,22,7200ft - 7800ft,12/12-3/29,3.1,5,300,37.7455701,-119.5936038,http://www.onthesnow.com/california/badger-pass/ski-resort.html
20,Bear Creek Mountain Resort,Macungie,PA,101 Doe Mountain Lane,18062,1,3,30,40,30,0,23,86,63,0,600ft - 1100ft,1/ 7-3/22,3.2,6,30,40.5159304,-75.5551858,http://www.onthesnow.com/pennsylvania/bear-creek-mountain-resort/ski-resort.html
21,Bear Mountain,Big Bear Lake,CA,P.O. Box 77,92315,0,2,24,52,14,10,29,N/A,N/A,N/A,7139ft - 8804ft,11/13-3/29,3.2,12,100,34.2438963,-116.9114215,http://www.onthesnow.com/california/bear-mountain/ski-resort.html
22,Bear Valley,Bear Valley,CA,P.O. Box 5038,95223,0,3,25,40,35,0,75,1680,69,25,6600ft - 8500ft,11/28-4/13,3.5,9,359,38.4646337,-120.0399088,http://www.onthesnow.com/california/bear-valley/ski-resort.html
23,Beaver Creek,Vail,CO,PO Box 7,81658,0,3,19,43,21,17,150,1832,N/A,N/A,8100ft - 11439ft,11/25-4/10,4.5,25,323,39.6402638,-106.3741955,http://www.onthesnow.com/colorado/beaver-creek/ski-resort.html
24,Beaver Mountain,Logan,UT,P.O. Box 3455,84323,0,2,35,40,25,0,48,464,48,33,7231ft - 8600ft,12/21-3/29,2.8,5,400,41.7369803,-111.8338359,http://www.onthesnow.com/utah/beaver-mountain/ski-resort.html
25,Beech Mountain Resort,Banner,NC,PO Box 1118,28604,1,1,30,40,30,0,15,95,77,0,4675ft - 5504ft,11/27-3/22,3,7,31,35.3907897,-78.5433701,http://www.onthesnow.com/north-carolina/ski-beech-mountain-resort/ski-resort.html
26,Belleayre,Highmount,NY,P.O. Box 313,12441,0,2,22,58,10,10,50,171,66,40,2025ft - 3429ft,12/ 4-4/12,3.1,8,120,42.1442557,-74.4898745,http://www.onthesnow.com/new-york/belleayre/ski-resort.html
27,Berkshire East,Charlemont,MA,P.O. Box 727,01339,1,2,37,44,17,2,44,163,60,0,540ft - 1720ft,1/ 7-4/ 5,3.1,6,120,42.627862,-72.8698183,http://www.onthesnow.com/massachusetts/berkshire-east/ski-resort.html
28,Big Boulder,Blakeslee,PA,P.O.Box 1539,18610,1,8,100,0,0,0,16,55,N/A,N/A,1700ft - 2175ft,12/12-4/19,2.9,8,50,41.092586,-75.5926886,http://www.onthesnow.com/pennsylvania/big-boulder/ski-resort.html
29,Big Powderhorn Mountain,Bessemer,MI,N11375 Powderhorn Road,49911,0,2,30,42,24,3,33,253,59,40,1200ft - 1800ft,12/23-4/ 3,3.2,10,214,46.4813363,-90.0529504,http://www.onthesnow.com/michigan/big-powderhorn-mountain/ski-resort.html
30,Big Sky Resort,Big,MT,P.O. Box 160001,59716,0,7,15,25,42,18,306,5800,106,46,6800ft - 11166ft,11/26-4/17,4.2,34,400,41.279898,-119.0604585,http://www.onthesnow.com/montana/big-sky-resort/ski-resort.html
31,Big Squaw Mountain Ski Resort,Greenville,ME,P.O. Box 430,04441,0,0,33,34,33,0,29,N/A,25,25,1750ft - 3200ft,12/26-4/ 4,2.8,1,N/A,45.4594863,-69.5905815,http://www.onthesnow.com/maine/big-squaw-mountain-ski-resort/ski-resort.html
32,Bittersweet Ski Area,Otsego,MI,600 River Road,49078,1,2,30,40,30,0,20,100,41,16,450ft - 850ft,12/21-3/22,3,12,90,42.4605904,-85.696406,http://www.onthesnow.com/michigan/bittersweet-ski-area/ski-resort.html
33,Blackjack Ski Resort,Bessemer,MI,N11251 Black Jack Rd,49911,0,2,20,40,0,40,26,170,51,14,385ft - 850ft,12/26-3/27,2.6,6,210,46.4813363,-90.0529504,http://www.onthesnow.com/michigan/blackjack-ski-resort/ski-resort.html
34,Black Mountain,Jackson,NH,P.O. Box B,03846,0,0,33,34,8,25,45,143,55,30,1250ft - 2350ft,1/ 2-3/28,2.9,4,125,44.1462613,-71.1850996,http://www.onthesnow.com/new-hampshire/black-mountain/ski-resort.html
35,Blacktail Mountain Ski Area,Lakeside,MT,Box 1090,59922,0,0,15,70,15,0,25,1000,40,15,5235ft - 6675ft,12/21-4/12,3.1,4,250,48.019969,-114.2279084,http://www.onthesnow.com/montana/blacktail-mountain-ski-area/ski-resort.html
36,Blandford Ski Area,Blandford,MA,PO Box 158,01008,0,2,40,50,10,0,29,158,N/A,N/A,1035ft - 1685ft,1/ 9-3/16,2.9,5,50,42.1806463,-72.9273224,http://www.onthesnow.com/massachusetts/blandford-ski-area/ski-resort.html
37,Blue Hills Ski Area,Canton,MA,4001 Washington St,02021,0,1,13,25,62,0,16,60,40,30,326ft - 635ft,1/ 6-4/ 3,3,4,N/A,42.1584324,-71.1447732,http://www.onthesnow.com/massachusetts/blue-hills-ski-area/ski-resort.html
38,Blue Knob,Claysburg,PA,PO Box 247,16625,1,1,15,41,26,18,34,100,60,0,2073ft - 3146ft,1/ 4-3/22,3,5,120,40.2967427,-78.449737,http://www.onthesnow.com/pennsylvania/blue-knob/ski-resort.html
39,Blue Mountain Resort,Palmerton,PA,PO Box 216,18071,1,6,41,13,13,33,39,164,N/A,N/A,460ft - 1600ft,12/22-4/ 5,3.6,14,33,40.8014826,-75.6101867,http://www.onthesnow.com/pennsylvania/blue-mountain-ski-area/ski-resort.html
40,Bluewood,Dayton,WA,PO Box 88,99328,0,2,17,45,38,0,24,355,39,0,4545ft - 5670ft,12/19-3/15,3,3,300,46.3237525,-117.9724367,http://www.onthesnow.com/washington/bluewood/ski-resort.html
41,Bogus Basin,Boise,ID,2600 Bogus Basin Rd.,83702,1,0,22,45,33,0,75,2600,54,0,5800ft - 7581ft,11/27-4/10,3.2,7,250,43.6187102,-116.2146068,http://www.onthesnow.com/idaho/bogus-basin/ski-resort.html
42,Bolton Valley,Bolton,VT,4302 Bolton Access Rd,05477,1,3,34,38,23,6,71,300,59,0,1446ft - 3150ft,12/31-4/10,3.1,6,300,44.3726476,-72.8787625,http://www.onthesnow.com/vermont/bolton-valley/ski-resort.html
43,Boreal Mountain Resort,Truckee,CA,P.O. Box 39,96161,1,6,21,39,39,0,33,380,59,29,7200ft - 7700ft,11/ 6-4/19,3.4,8,400,39.327962,-120.1832533,http://www.onthesnow.com/california/boreal/ski-resort.html
44,Boston Mills,Peninsula,OH,P.O. Box 175,44264,1,2,20,40,40,0,7,40,43,10,631ft - 871ft,1/ 6-3/22,2.8,8,51,41.2411668,-81.5526176,http://www.onthesnow.com/ohio/boston-mills/ski-resort.html
45,Bousquet Ski Area,Pittsfield,MA,Dan Fox Dr.,01201,0,2,34,33,33,0,23,200,45,10,1125ft - 1875ft,1/ 6-3/29,2.3,5,83,42.4500845,-73.2453824,http://www.onthesnow.com/massachusetts/bousquet-ski-area/ski-resort.html
46,Boyne Highlands,Harbor,MI,600 Highlands Drive,49740,1,4,35,29,35,2,55,435,N/A,N/A,745ft - 1290ft,12/ 4-3/30,3.6,10,140,42.1342065,-83.4201553,http://www.onthesnow.com/michigan/boyne-highlands/ski-resort.html
47,Boyne Mountain Resort,Boyne,MI,P.O. Box 19,49713,1,7,57,23,17,3,60,415,N/A,N/A,620ft - 1120ft,12/ 4-4/19,3.3,12,140,45.2048594,-84.9968228,http://www.onthesnow.com/michigan/boyne-mountain-resort/ski-resort.html
48,Bradford Ski Area,Bradford,MA,P.O. Box 99,01835,0,1,10,80,10,0,15,48,48,25,1300ft - 1547ft,1/ 6-3/29,2.7,10,N/A,42.7695348,-71.0758905,http://www.onthesnow.com/massachusetts/bradford-ski-area/ski-resort.html
49,Brandywine,Peninsula,OH,PO Box 175,44264,1,2,27,27,46,0,11,85,43,10,631ft - 871ft,1/ 6-4/ 5,3,16,51,41.2411668,-81.5526176,http://www.onthesnow.com/ohio/brandywine/ski-resort.html
50,Brantling Ski Slopes,Sodus,NY,4015 Fish Farm Road,14551,0,0,30,40,30,0,10,20,30,20,600ft - 850ft,1/ 3-4/ 5,2.9,5,110,43.2378428,-77.0613618,http://www.onthesnow.com/new-york/brantling-ski-slopes/ski-resort.html
51,Breckenridge,Breckenridge,CO,P.O. Box 1058,80424,0,4,11,31,24,34,187,2908,N/A,N/A,9600ft - 12997ft,11/13-4/24,4.2,34,300,39.4816537,-106.0383518,http://www.onthesnow.com/colorado/breckenridge/ski-resort.html
52,Bretton Woods,Bretton,NH,Route 302,03575,1,3,25,29,30,16,97,464,89,25,1600ft - 3100ft,11/22-4/21,3.7,10,200,42.8349302,-71.3670454,http://www.onthesnow.com/new-hampshire/bretton-woods/ski-resort.html
53,Brian Head Resort,Brian,UT,P.O. Box 190008,84719,0,3,30,35,35,0,71,650,54,0,9600ft - 11306ft,11/20-4/12,3.3,8,400,39.5667169,-111.3838579,http://www.onthesnow.com/utah/brian-head-resort/ski-resort.html
54,Bridger Bowl,Bozeman,MT,15795 Bridger Canyon Rd.,59715,0,2,12,28,18,42,105,2000,54,0,6100ft - 8700ft,12/11-4/ 3,3.2,8,350,45.6769979,-111.0429339,http://www.onthesnow.com/montana/bridger-bowl/ski-resort.html
55,Brighton Resort,Brighton,UT,12601 Big Cottonwood Canyon Rd,84121,1,1,21,39,25,15,66,1050,75,0,8754ft - 10500ft,11/18-4/17,3.5,6,500,40.60384,-111.5821429,http://www.onthesnow.com/utah/brighton-resort/ski-resort.html
56,Bristol Mountain,Canandaigua,NY,5662 Route 64,14424,1,3,35,45,20,0,34,160,72,0,1000ft - 2200ft,12/22-4/ 5,3.4,6,60,42.887535,-77.2816984,http://www.onthesnow.com/new-york/bristol-mountain/ski-resort.html
57,Bromley Mountain,Manchester,VT,PO Box 1130,05255,0,3,30,36,32,2,47,178,73,41,1950ft - 3283ft,11/28-4/10,2.7,8,145,43.1636875,-73.0723268,http://www.onthesnow.com/vermont/bromley-mountain/ski-resort.html
58,Bruce Mound,Neilsville,WI,517 Court St.,54754,1,2,17,17,50,16,12,40,23,9,1000ft - 1375ft,3/13-3/13,3.2,5,42,44.559962,-90.5962498,http://www.onthesnow.com/wisconsin/bruce-mound/ski-resort.html
59,Brundage Mountain Resort,McCall,ID,P.O. Box 1062,83638,0,2,20,50,10,20,46,1500,62,18,5839ft - 7639ft,12/11-4/10,3,5,320,44.911006,-116.0987364,http://www.onthesnow.com/idaho/brundage-mountain-resort/ski-resort.html
60,Bryce Resort,Basye,VA,P.O. Box 3,22810,1,0,38,50,13,0,8,25,63,0,1250ft - 1750ft,1/ 7-3/28,2.9,7,30,38.81435,-78.7646228,http://www.onthesnow.com/virginia/bryce-resort/ski-resort.html
61,Buck Hill,Burnsville,MN,15400 Buck Hill Road,55306,1,0,34,34,16,16,16,45,44,26,918ft - 1225ft,12/19-3/15,3,8,60,44.7677424,-93.2777226,http://www.onthesnow.com/minnesota/buck-hill/ski-resort.html
62,Buena Vista Ski Area,Bemidji,MN,621 Lake Julia Drive NW,56601,1,0,20,55,25,0,17,30,N/A,N/A,1280ft - 1510ft,11/28-3/15,2.9,6,78,47.4875361,-94.8858492,http://www.onthesnow.com/minnesota/buena-vista-ski-area/ski-resort.html
63,Buffalo Ski Club Ski Area,Orchard,NY,P.O. Box 608,14033,1,1,20,46,0,34,43,225,45,30,2025ft - 3429ft,1/12-3/29,3.1,7,N/A,43.370174,-78.270484,http://www.onthesnow.com/new-york/buffalo-ski-club-ski-area/ski-resort.html
64,Caberfae Peaks,Cadillac,MI,Caberfae Road,49601,1,2,35,33,32,0,34,200,47,5,1060ft - 1568ft,12/ 4-4/ 3,3.1,5,140,44.2519526,-85.4011619,http://www.onthesnow.com/michigan/caberfae-peaks-ski-golf-resort/ski-resort.html
65,Camden Snow Bowl,Camden,ME,PO Box 1207,04843,1,2,9,30,61,0,23,100,39,0,150ft - 1080ft,1/ 2-4/ 4,2.7,3,69,44.2097928,-69.0647838,http://www.onthesnow.com/maine/camden-snow-bowl/ski-resort.html
66,Camelback Mountain Resort,Tannersville,PA,PO Box 168,18372,1,5,32,32,32,3,35,160,65,0,1250ft - 2100ft,12/22-4/ 5,3,16,50,41.0398099,-75.3057288,http://www.onthesnow.com/pennsylvania/camelback-mountain-resort/ski-resort.html
67,Campgaw Mountain,Mahwah,NJ,200 Campgaw Rd.,07430,1,1,31,31,23,15,13,23,45,0,450ft - 726ft,1/ 7-3/29,3,5,45,41.0886216,-74.1435843,http://www.onthesnow.com/new-jersey/campgaw-mountain/ski-resort.html
68,Canaan Valley Resort,Davis,WV,HC 70 Box 330,26260,1,1,19,36,43,2,47,91,59,0,3429ft - 4279ft,1/ 6-3/20,3.6,5,180,39.1287189,-79.4647739,http://www.onthesnow.com/west-virginia/canaan-valley-resort/ski-resort.html
69,Cannon Mountain,Franconia,NH,Franconia Notch State Park,03580,0,3,15,52,33,0,95,282,75,39,1900ft - 4079ft,12/ 4-4/10,3.2,10,160,44.2271729,-71.7479075,http://www.onthesnow.com/new-hampshire/cannon-mountain/ski-resort.html
70,Cannonsburg,Cannonsburg,MI,P.O. Box 19,49317,0,5,35,50,15,0,21,100,37,0,850ft - 1100ft,1/ 6-3/22,3,10,100,43.0539179,-85.4697477,http://www.onthesnow.com/michigan/cannonsburg/ski-resort.html
71,Cascade Mountain,Portage,WI,W10441 Cascade Mtn. Rd.,53901,1,4,36,36,28,0,36,160,55,0,820ft - 1280ft,12/18-3/20,3.2,11,56,43.5391486,-89.4626202,http://www.onthesnow.com/wisconsin/cascade-mountain/ski-resort.html
72,Cataloochee Ski Area,Maggie,NC,1080 Ski Lodge Road,28751,1,2,44,39,0,17,18,50,65,0,4660ft - 5400ft,11/22-3/27,2.9,5,50,34.8802869,-79.7410311,http://www.onthesnow.com/north-carolina/cataloochee-ski-area/ski-resort.html
73,Catamount,Hillsdale,MA,P.O. Box 639 ,12529,1,3,33,42,19,6,36,132,65,16,1000ft - 2000ft,1/ 7-4/ 5,3.4,7,108,42.4386967,-73.1253799,http://www.onthesnow.com/new-york/catamount-ski-ride-area/ski-resort.html
74,Chestnut Mountain Resort,Galena,IL,P.O. Box 6328,61036,1,0,30,40,20,10,22,139,N/A,N/A,565ft - 1040ft,12/19-3/15,3.1,9,50,42.4166744,-90.4290168,http://www.onthesnow.com/illinois/chestnut-mountain-resort/ski-resort.html
75,Christie Mountain,Bruce,WI,W13755  CTH O,54819,1,4,37,23,30,10,30,45,N/A,N/A,1300ft - 1650ft,12/ 5-3/16,3.1,6,48,45.4569087,-91.2732106,http://www.onthesnow.com/wisconsin/christie-mountain/ski-resort.html
76,Christmas Mountain,Wisconsin,WI,S-944 Christmas Mountain Road,53965,1,0,40,40,20,0,15,40,N/A,N/A,1000ft - 1250ft,12/19-3/22,3,5,20,43.7844397,-88.7878678,http://www.onthesnow.com/wisconsin/christmas-mountain/ski-resort.html
77,Coffee Mill Ski & Snowboard Resort,Wabasha,MN,Box 127,55981,1,1,35,29,7,29,14,40,35,0,725ft - 1150ft,4/30-4/30,3,3,48,44.3710051,-92.0382346,http://www.onthesnow.com/minnesota/coffee-mill-ski-snowboard-resort/ski-resort.html
78,Cooper Spur,Mount,OR,10755 Cooper Spur Road,97041,0,0,40,60,0,0,10,50,32,10,3500ft - 4000ft,12/18-3/29,2.1,2,100,10.6554875,-61.42976,http://www.onthesnow.com/oregon/cooper-spur/ski-resort.html
79,Copper Mountain Resort,Copper,CO,P.O. Box 3001,80443,0,6,21,25,36,18,142,2465,78,54,9702ft - 12312ft,11/11-4/17,4,23,305,35.8551568,-115.6850424,http://www.onthesnow.com/colorado/copper-mountain-resort/ski-resort.html
80,Cranmore Mountain Resort,North,NH,P.O. Box 1640,03860,0,4,28,44,28,0,57,200,N/A,N/A,600ft - 2000ft,11/27-4/ 5,3.1,7,150,43.1938516,-71.5723953,http://www.onthesnow.com/new-hampshire/cranmore-mountain-resort/ski-resort.html
81,Crested Butte Mountain Resort,Crested Butte,CO,12 Snowmass Rd,81225,0,1,14,41,15,30,124,1547,108,59,9100ft - 12162ft,11/25-4/ 3,4.2,15,300,38.8697146,-106.9878231,http://www.onthesnow.com/colorado/crested-butte-mountain-resort/ski-resort.html
82,Crotched Mountain,Bennington,NH,"615 Francestown Road, Route 47",03442,1,3,28,40,32,0,25,100,64,46,1050ft - 2066ft,1/ 1-4/ 5,3.1,5,105,42.9968843,-71.9164217,http://www.onthesnow.com/new-hampshire/crotched-mountain/ski-resort.html
83,Crystal Mountain,Thompsonville,MI,12500 Crystal Mountain Drive,49683,1,5,22,48,30,0,58,103,72,29,757ft - 1132ft,12/ 5-4/10,3.7,9,132,44.5202794,-85.9439718,http://www.onthesnow.com/michigan/crystal-mountain/ski-resort.html
84,Crystal Mountain,Crystal Mountain,WA,33914 Crystal Mtn Blvd.,98022,0,1,11,54,32,3,57,2600,72,0,4400ft - 7012ft,11/21-4/17,3.1,11,486,46.9281666,-121.5045349,http://www.onthesnow.com/washington/crystal-mountain/ski-resort.html
85,Dartmouth Skiway,Hanover,NH,DCAD Dartmouth College,03755,0,1,21,50,25,4,28,107,47,25,973ft - 1942ft,1/12-3/27,3.1,4,100,43.7022451,-72.2895526,http://www.onthesnow.com/new-hampshire/dartmouth-skiway/ski-resort.html
86,Deer Valley Resort,Park City,UT,P.O. Box 1525,84060,0,0,27,41,27,5,101,2026,120,23,6570ft - 9570ft,12/ 5-4/10,4.3,21,300,40.6460622,-111.4979729,http://www.onthesnow.com/utah/deer-valley-resort/ski-resort.html
87,Devils Head,Merrimac,WI,S-6330 Bluff Road,53561,1,1,30,40,30,0,27,260,54,0,495ft - 995ft,12/17-3/20,3.2,12,45,43.3733198,-89.6234552,http://www.onthesnow.com/wisconsin/devils-head/ski-resort.html
88,Diamond Peak,Incline,NV,1210 Ski Way,89451,0,3,10,42,48,0,31,655,64,22,6700ft - 8539ft,12/ 3-4/10,2.8,7,300,41.0589263,-75.3536517,http://www.onthesnow.com/nevada/diamond-peak/ski-resort.html
89,Discovery Ski Area,Anaconda,MT,PO Box 221,59711,0,1,20,25,25,30,67,2000,42,0,5770ft - 8150ft,11/26-4/ 5,3.1,8,200,46.1262998,-112.9478359,http://www.onthesnow.com/montana/discovery-ski-area/ski-resort.html
90,Dodge Ridge,Pinecrest,CA,1 Dodge Ridge Rd,95364,0,5,20,40,40,0,67,862,68,15,6600ft - 8200ft,12/11-4/10,3.1,12,300,38.1923581,-119.9946131,http://www.onthesnow.com/california/dodge-ridge/ski-resort.html
91,Donner Ski Ranch,Norden,CA,P.O. Box 66,95724,0,1,25,50,25,0,52,505,59,20,7031ft - 8012ft,12/ 5-4/12,2.9,8,396,39.3174625,-120.3296682,http://www.onthesnow.com/california/donner-ski-ranch/ski-resort.html
92,Dry Hill Ski Area,Watertown,NY,P.O. Box 202,13601,1,1,33,34,33,0,7,35,35,12,650ft - 950ft,1/ 6-3/29,2.9,3,125,43.9747838,-75.9107565,http://www.onthesnow.com/new-york/dry-hill-ski-area/ski-resort.html
93,Eaglecrest Ski Area,Juneau,AK,155 South Seward St.,99801,0,1,20,40,30,10,36,640,46,21,1200ft - 2600ft,12/19-4/12,3.2,4,350,58.3019444,-134.4197222,http://www.onthesnow.com/alaska/eaglecrest-ski-area/ski-resort.html
94,Eagle Point,Beaver,UT,150 S West Village Circle,84713,0,1,20,35,45,0,40,600,N/A,N/A,9100ft - 10600ft,12/21-3/22,3.3,5,400,38.2769149,-112.6410518,http://www.onthesnow.com/utah/eagle-point/ski-resort.html
95,Eagle Rock,Hazelton,PA,1060 Valley of Lakes,18202,0,1,50,7,43,0,14,N/A,42,0,1260ft - 1810ft,1/ 5-3/22,3,3,N/A,40.9584181,-75.9746472,http://www.onthesnow.com/pennsylvania/eagle-rock/ski-resort.html
96,Eldora Mountain Resort,Nederland,CO,P.O.  Box 1697,80466,0,3,15,52,19,15,54,680,69,12,9200ft - 10800ft,11/20-4/12,3,11,311,39.9613759,-105.5108312,http://www.onthesnow.com/colorado/eldora-mountain-resort/ski-resort.html
97,Elk Mountain Ski Resort,Union,PA,344 Elk Mountain Road,18470,1,2,22,37,41,0,27,180,70,0,1692ft - 2692ft,1/ 3-3/28,3.3,7,60,40.9894888,-77.0564464,http://www.onthesnow.com/pennsylvania/elk-mountain-ski-resort/ski-resort.html
98,Elko SnoBowl,Elko,NV,491 5th Street,89801,0,0,8,90,1,1,10,60,N/A,N/A,6300ft - 7000ft,12/18-3/13,2.6,2,24,40.8324211,-115.7631232,http://www.onthesnow.com/nevada/elko-snobowl/ski-resort.html
99,Elm Creek Winter Recreation Area,Maple,MN,12400 James Deane Parkway,55369,1,0,20,60,0,20,3,15,17,7,867ft - 927ft,12/15-3/20,3.2,3,45,47.4579657,-91.1518254,http://www.onthesnow.com/minnesota/elm-creek/ski-resort.html
100,Enchanted Forest Ski Area,Red River,NM,29 Sangre De Cristo,87558,0,0,30,50,2,18,33,600,18,9,9820ft - 10077ft,11/28-3/22,2.8,0,240,36.7080849,-105.4061159,http://www.onthesnow.com/new-mexico/enchanted-forest-cross-countryski-area/ski-resort.html
101,Four Lakes,Lisle,IL,6005 Forest View Rd.,60532,1,1,40,30,30,0,7,9,28,28,400ft - 500ft,1/ 6-3/15,2.5,7,24,41.801141,-88.0747875,http://www.onthesnow.com/illinois/four-lakes/ski-resort.html
102,Giants Ridge Resort,Biwabik,MN,P.O. Box 190,55708,1,3,31,44,25,0,35,202,N/A,N/A,1472ft - 1972ft,12/ 5-4/ 5,2.7,7,85,47.5329811,-92.3401787,http://www.onthesnow.com/minnesota/giants-ridge-resort/ski-resort.html
103,Gore Mountain,North,NY,P.O. Box 470,12853,1,6,10,51,34,4,109,438,83,40,997ft - 3600ft,11/27-4/19,3.3,15,150,40.7127837,-74.0059413,http://www.onthesnow.com/new-york/gore-mountain/ski-resort.html
104,Grand Geneva,Lake,WI,PO Box 130,53147,1,1,40,30,20,10,18,30,53,0,875ft - 1086ft,1/ 2-3/22,2.5,5,25,45.9405323,-90.5824521,http://www.onthesnow.com/wisconsin/grand-geneva/ski-resort.html
105,Grand Targhee Resort,Alta,WY,3300 E. Ski Hill Road,83414,0,1,10,70,15,5,95,2000,75,0,7850ft - 9920ft,11/20-4/27,3.8,5,500,43.7538103,-111.0368866,http://www.onthesnow.com/wyoming/grand-targhee-resort/ski-resort.html
106,Granite Gorge,Keene,NH,P.O. Box 545,03431,1,0,35,35,15,15,19,55,47,0,800ft - 1325ft,12/30-3/21,2.9,4,100,42.933692,-72.2781409,http://www.onthesnow.com/new-hampshire/granite-gorge/ski-resort.html
107,Granite Peak Ski Area,Wausau,WI,P.O. Box 5010,54402,1,4,30,35,30,5,75,220,N/A,N/A,1242ft - 1942ft,12/19-4/12,3.3,7,75,44.9591352,-89.6301221,http://www.onthesnow.com/wisconsin/granite-peak-ski-area/ski-resort.html
108,Great Divide,Marysville,MT,P.O. Box SKI,59640,1,6,9,45,45,0,110,1600,40,20,5750ft - 7329ft,11/22-4/10,2.9,6,180,46.7505198,-112.3012261,http://www.onthesnow.com/montana/great-divide/ski-resort.html
109,Greek Peak,Cortland,NY,2000 NYS Route 392,13045,1,3,41,28,31,0,33,220,64,0,1147ft - 2100ft,1/ 3-4/12,3,8,122,42.6011813,-76.1804843,http://www.onthesnow.com/new-york/greek-peak/ski-resort.html
110,Gunstock,Laconia,NH,PO Box 1307,03247,1,2,12,61,0,27,54,227,82,46,900ft - 2300ft,12/26-4/ 3,3.1,7,120,43.5278546,-71.4703509,http://www.onthesnow.com/new-hampshire/gunstock/ski-resort.html
111,Heavenly Mountain Resort,South Lake Tahoe,CA,4080 Lake Tahoe Blvd,96150,0,3,20,45,30,5,97,4800,N/A,N/A,6564ft - 10066ft,11/14-4/17,3.8,28,360,38.939926,-119.9771868,http://www.onthesnow.com/california/heavenly-mountain-resort/ski-resort.html
112,Hickory Ski Center,Burnt,NY,P.O. Box 127,12027,0,0,30,30,40,0,19,225,N/A,N/A,700ft - 1900ft,2/ 9-3/29,2.4,3,75,42.5071729,-74.4829429,http://www.onthesnow.com/new-york/hickory-ski-center/ski-resort.html
113,Hidden Valley Ski Area,Eureka,MO,17409 Hidden Valley Drive,63025,1,0,30,35,35,0,13,30,47,5,2316ft - 2566ft,1/10-3/ 8,2.8,7,26,38.5025537,-90.6279044,http://www.onthesnow.com/missouri/hidden-valley-ski-area/ski-resort.html
114,Hilltop Ski Area,Anchorage,AK,7015 Abbott Road,99507,1,1,80,10,0,10,13,30,30,18,1796ft - 2090ft,11/20-3/22,3.4,3,690,61.2180556,-149.9002778,http://www.onthesnow.com/alaska/hilltop-ski-area/ski-resort.html
115,Hogadon,Casper,WY,1800 East K St.,82601,0,1,10,30,60,0,27,92,42,27,7400ft - 8000ft,12/ 6-4/ 3,3,2,N/A,42.866632,-106.313081,http://www.onthesnow.com/wyoming/hogadon/ski-resort.html
116,Holiday Mountain,Monticello,NY,99 Holiday Mountain Road,12701,1,0,30,27,31,12,9,37,42,27,1150ft - 1550ft,1/ 9-3/22,3,4,50,41.6556465,-74.6893282,http://www.onthesnow.com/new-york/holiday-mountain/ski-resort.html
117,Holiday Valley,Ellicotville,NY,P.O. Box 370,14731,1,5,34,28,37,1,58,290,69,0,1500ft - 2250ft,12/20-4/12,3.2,13,180,42.2750639,-78.6728071,http://www.onthesnow.com/new-york/holiday-valley/ski-resort.html
118,Holimont Ski Area,Ellicottville,NY,P.O. Box 279,14731,0,3,26,28,45,0,53,135,70,0,1560ft - 2260ft,12/29-4/10,2.9,8,180,42.2750639,-78.6728071,http://www.onthesnow.com/new-york/holimont-ski-area/ski-resort.html
119,Homewood Mountain Resort,Homewood,CA,PO Box 165,96141,0,2,15,50,25,10,64,1260,N/A,N/A,6229ft - 7879ft,12/11-4/10,2.9,8,450,39.0862733,-120.1607425,http://www.onthesnow.com/california/homewood-mountain-resort/ski-resort.html
120,Hoodoo Ski Area,Sisters,OR,"Highway 20, PO Box 20",97759,1,0,30,30,40,0,34,806,48,0,4668ft - 5702ft,12/18-4/14,2.9,5,350,44.2909491,-121.5492118,http://www.onthesnow.com/oregon/hoodoo-ski-area/ski-resort.html
121,Howelsen Hill,Steamboat Springs,CO,P.O. Box 775088,80477,1,1,20,30,50,0,17,50,25,8,6695ft - 7135ft,12/ 4-3/15,3.1,4,150,40.4849769,-106.8317158,http://www.onthesnow.com/colorado/howelsen-hill/ski-resort.html
122,Hunter Mountain,Hunter,NY,P.O. Box 295,12442,0,2,28,24,33,16,58,240,N/A,N/A,1600ft - 3200ft,12/26-4/12,2.9,11,120,42.2136987,-74.2187541,http://www.onthesnow.com/new-york/hunter-mountain/ski-resort.html
123,Hunt Hollow Ski Club,Naples,NY,7532 Co Rd 36,14512,1,1,32,21,37,11,19,400,55,0,1000ft - 2030ft,1/12-4/ 5,0,4,130,42.6153453,-77.4024853,http://www.onthesnow.com/new-york/hunt-hollow-ski-club/ski-resort.html
124,Hyland Ski & Snowboard Area,Bloomington,MN,8800 Chalet Road,55438,1,1,40,40,20,0,14,35,N/A,N/A,900ft - 1075ft,12/11-3/20,2.6,8,55,44.840798,-93.2982799,http://www.onthesnow.com/minnesota/hyland-ski-snowboard-area/ski-resort.html
125,Indianhead Mountain,Wakefield,MI,500 Indianhead Road,49968,0,2,20,30,50,0,30,240,62,20,1297ft - 1935ft,12/18-4/10,3.5,9,204,46.4752254,-89.9398909,http://www.onthesnow.com/michigan/indianhead-mountain/ski-resort.html
126,Jack Frost,Blakeslee,PA,PO Box 1539,18610,0,1,100,0,0,0,20,100,55,10,1400ft - 2000ft,12/29-3/29,3,9,50,41.092586,-75.5926886,http://www.onthesnow.com/pennsylvania/jack-frost/ski-resort.html
127,Jackson Hole,Teton Village,WY,3395 Cody Ln,83025,0,7,9,34,41,17,133,2500,88,0,6310ft - 10450ft,11/26-4/ 3,4.2,13,450,43.5873149,-110.8269876,http://www.onthesnow.com/wyoming/jackson-hole/ski-resort.html
128,Jay Peak,Jay,VT,4850 VT Rte 242,05859,0,3,20,40,40,0,78,385,79,16,1815ft - 3968ft,11/27-5/ 8,3.7,9,377,44.9649254,-72.4602429,http://www.onthesnow.com/vermont/jay-peak/ski-resort.html
129,Jiminy Peak,Hancock,MA,37 Corey Rd.,01237,1,0,53,27,13,7,45,167,71,53,1230ft - 2380ft,12/19-4/13,3.5,9,90,42.543138,-73.3237182,http://www.onthesnow.com/massachusetts/jiminy-peak/ski-resort.html
130,June Mountain,June Lake,CA,P.O. Box 146,93529,0,0,35,45,20,0,35,1500,N/A,N/A,7545ft - 10089ft,12/12-3/21,3.1,7,250,37.7797825,-119.0754232,http://www.onthesnow.com/california/june-mountain/ski-resort.html
131,Kelly Canyon Ski Area,Ririe,ID,Box 367,83443,0,1,35,45,20,0,51,740,N/A,N/A,5600ft - 6600ft,12/17-3/15,2.4,6,200,43.6318575,-111.773575,http://www.onthesnow.com/idaho/kelly-canyon-ski-area/ski-resort.html
132,Keystone,Keystone,CO,P.O. Box 38,80435,1,1,14,29,57,0,131,3148,N/A,N/A,9279ft - 12408ft,11/ 6-4/10,4.1,20,230,39.5791675,-105.9347384,http://www.onthesnow.com/colorado/keystone/ski-resort.html
133,Killington Resort,Killington,VT,4763 Killington Road,05751,0,5,28,33,24,15,155,1509,N/A,N/A,1165ft - 4241ft,10/19-5/29,3.8,22,250,43.6775677,-72.7798247,http://www.onthesnow.com/vermont/killington-resort/ski-resort.html
134,King Pine,Madison,NH,1251 Eaton Rd,03849,1,2,44,31,10,15,17,48,52,0,500ft - 850ft,12/26-3/27,3,6,120,43.8992395,-71.1484028,http://www.onthesnow.com/new-hampshire/king-pine/ski-resort.html
135,Kirkwood,Kirkwood,CA,PO Box 1,95646,0,2,12,30,38,20,86,2300,N/A,N/A,7800ft - 9800ft,11/14-4/10,3.6,15,600,38.7023082,-120.0722442,http://www.onthesnow.com/california/kirkwood/ski-resort.html
136,Kissing Bridge,Glenwood,NY,P.O. Box 73,14069,1,5,20,50,30,0,39,700,62,0,1150ft - 1700ft,1/ 6-3/29,3,10,120,42.6192276,-78.6578041,http://www.onthesnow.com/new-york/kissing-bridge/ski-resort.html
137,Labrador Mt.,Truxton,NY,"Route 91, PO Box 105",13158,1,1,33,34,33,0,22,250,50,15,1125ft - 1825ft,1/ 6-3/29,2.9,4,125,42.7120125,-76.0285349,http://www.onthesnow.com/new-york/labrador-mt/ski-resort.html
138,Lee Canyon,Las Vegas,NV,6725 Lee Canyon Rd,89124,0,1,20,60,20,0,30,70,70,0,8510ft - 11289ft,11/27-3/29,2.9,3,120,36.1699412,-115.1398296,http://www.onthesnow.com/nevada/las-vegas-ski-and-snowboard-resort/ski-resort.html
139,Liberty,Carroll,PA,78 Country Club Trail,17320,1,3,35,40,0,25,16,100,72,0,570ft - 1190ft,1/ 8-3/22,3,8,31,40.1809497,-79.9360593,http://www.onthesnow.com/pennsylvania/liberty/ski-resort.html
140,Little Switzerland,Slinger,WI,105 Cedar Creek Rd,53086,1,3,39,33,0,28,18,50,N/A,N/A,1068ft - 1268ft,12/19-3/22,3,8,N/A,43.333613,-88.2862065,http://www.onthesnow.com/wisconsin/little-switzerland/ski-resort.html
141,Lookout Pass Ski Area,Wallace,ID,P.O. Box 108,83846,0,3,9,50,32,9,34,540,42,0,4500ft - 5650ft,11/26-3/22,3.2,4,400,47.4740945,-115.9279387,http://www.onthesnow.com/idaho/lookout-pass-ski-area/ski-resort.html
142,Loon Mountain,Lincoln,NH,60 Loon Mountain Rd.,03251,0,6,20,60,17,3,61,370,85,0,950ft - 3050ft,11/25-4/19,3.9,12,160,44.0380087,-71.6725066,http://www.onthesnow.com/new-hampshire/loon-mountain/ski-resort.html
143,Lost Trail - Powder Mtn,Conner,MT,P.O. Box 311,59827,0,2,20,60,20,0,69,1000,40,0,6400ft - 8200ft,12/ 3-3/31,2.9,5,300,45.9307534,-114.1245288,http://www.onthesnow.com/montana/lost-trail-powder-mtn/ski-resort.html
144,Lost Valley,Auburn,ME,Box 260,04212,1,2,47,20,33,0,16,45,40,25,255ft - 495ft,12/30-3/29,2.7,2,50,44.0978509,-70.2311655,http://www.onthesnow.com/maine/lost-valley/ski-resort.html
145,Loveland,Georgetown,CO,PO Box 899,80444,0,1,13,41,20,26,94,1800,N/A,N/A,10800ft - 13010ft,10/29-5/ 3,3.4,10,422,39.7060984,-105.6975041,http://www.onthesnow.com/colorado/loveland/ski-resort.html
146,Lutsen Mountains,Lutsen,MN, P.O. Box 129,55612,0,5,26,44,20,9,54,393,82,0,800ft - 1687ft,11/26-4/10,3.2,8,120,47.6469402,-90.6748026,http://www.onthesnow.com/minnesota/lutsen-mountains/ski-resort.html
147,Mad River Glen,Waitsfield,VT,P.O. Box 1089,05673,0,0,20,35,45,0,45,115,79,0,1600ft - 3637ft,1/ 9-4/19,3.2,5,228,44.1926386,-72.7798479,http://www.onthesnow.com/vermont/mad-river-glen/ski-resort.html
148,Mad River Mountain,Bellefontaine,OH,P.O. Box 22,43311,1,4,33,19,47,2,20,144,45,0,1160ft - 1460ft,1/ 2-3/22,3.1,12,36,40.3611643,-83.7596557,http://www.onthesnow.com/ohio/mad-river-mountain/ski-resort.html
149,Magic Mountain,Londonderry,VT,P.O. Box 396,05148,0,1,30,30,15,25,43,195,67,32,1150ft - 2850ft,1/16-4/12,3.4,4,150,43.2264643,-72.8064866,http://www.onthesnow.com/vermont/magic-mountain/ski-resort.html
150,Magic Mountain Ski Area,Twin Falls,ID,319 Orchard Dr.,83301,0,0,25,25,20,30,11,280,31,0,6500ft - 7200ft,12/19-3/15,2.9,3,180,42.5629668,-114.4608711,http://www.onthesnow.com/idaho/magic-mountain-ski-area/ski-resort.html
151,Mammoth Mountain Ski Area,Mammoth,CA,P.O. Box 24,93546,0,11,25,40,20,15,151,3500,N/A,N/A,7952ft - 11052ft,11/ 5-5/29,4.1,28,400,41.7305599,-121.35389,http://www.onthesnow.com/california/mammoth-mountain-ski-area/ski-resort.html
152,Maple Ski Ridge,Schenectady,NY,2725 Mariaville Road,12306,1,0,11,44,44,0,10,25,38,0,750ft - 1200ft,1/ 9-3/12,2.3,3,N/A,42.8142432,-73.9395687,http://www.onthesnow.com/new-york/maple-ski-ridge/ski-resort.html
153,Marquette Mountain,Marquette,MI,4501 M-553,49855,1,3,15,50,35,0,35,169,N/A,N/A,757ft - 1357ft,12/ 3-4/12,3.1,4,210,46.5475825,-87.3955954,http://www.onthesnow.com/michigan/marquette-mountain/ski-resort.html
154,Massanutten,Harrisonburg,VA,PO Box 1227,22840,1,2,30,35,35,0,14,70,N/A,N/A,1750ft - 2925ft,1/ 7-3/22,3.4,8,35,38.4495688,-78.8689155,http://www.onthesnow.com/virginia/massanutten/ski-resort.html
155,Maverick Mountain,Polaris,MT,Box 475 Maverick Mountain Road,59746,0,0,30,40,30,0,22,255,36,22,6500ft - 8520ft,12/26-3/15,2.7,2,160,45.37005,-113.1190489,http://www.onthesnow.com/montana/maverick-mountain/ski-resort.html
156,McCauley Mountain Ski Center,Old Forge,NY,Town of Webb,13420,0,1,36,45,18,0,22,70,30,15,1562ft - 2250ft,1/ 7-4/ 5,3.2,5,200,43.7100885,-74.9734809,http://www.onthesnow.com/new-york/mccauley-mountain-ski-center/ski-resort.html
157,Meadowlark Ski Lodge,Ten Sleep,WY,426 US-16,82442,0,1,29,43,29,0,14,300,48,30,8500ft - 9500ft,1/16-3/29,2.6,3,N/A,44.0341262,-107.4511871,http://www.onthesnow.com/wyoming/meadowlark-ski-lodge/ski-resort.html
158,Mission Ridge,Wenatchee,WA,P.O. Box 1668,98807,1,3,0,0,0,0,56,2000,55,10,4570ft - 6820ft,12/17-4/12,3.1,6,200,47.4234599,-120.3103494,http://www.onthesnow.com/washington/mission-ridge/ski-resort.html
159,Mohawk Mountain,Cornwall,CT,PO Box 27,06753,1,0,30,50,20,0,25,107,60,15,950ft - 1600ft,1/ 2-3/29,3.2,8,92,41.8437058,-73.3292848,http://www.onthesnow.com/connecticut/mohawk-mountain/ski-resort.html
160,Monarch Mountain,Monarch,CO,#1 Powder Place,81227,0,2,23,26,40,11,62,800,74,30,10789ft - 11952ft,11/20-4/10,3.7,6,350,38.5526022,-106.2939187,http://www.onthesnow.com/colorado/monarch-mountain/ski-resort.html
161,Montage Mountain,Scranton,PA,1000 Montage Mountain Rd,18507,1,2,35,30,20,15,26,140,59,0,960ft - 1960ft,1/ 7-3/31,3.5,7,47,41.408969,-75.6624122,http://www.onthesnow.com/pennsylvania/sno-mountain/ski-resort.html
162,Montana Snowbowl,Missoula,MT,P.O. Box 8107,59807,1,0,20,40,40,0,37,950,N/A,N/A,5000ft - 7600ft,12/ 4-3/29,3.1,4,300,46.8787176,-113.996586,http://www.onthesnow.com/montana/montana-snowbowl/ski-resort.html
163,Mont Ripley,Houghton,MI,1400 Townsend Drive,49930,1,2,21,29,42,8,25,112,45,33,700ft - 1140ft,12/24-3/20,2.7,4,275,47.1211331,-88.5694182,http://www.onthesnow.com/michigan/mont-ripley/ski-resort.html
164,Mountain Creek Resort,Vernon,NJ,200 Route 94,07462,1,3,17,64,19,0,46,167,69.99,0,440ft - 1480ft,1/ 6-4/ 1,3.3,10,65,41.1947018,-74.4937943,http://www.onthesnow.com/new-jersey/mountain-creek-resort/ski-resort.html
165,Mountain High,Wrightwood,CA,P.O. Box 3010,92397,1,1,20,42,34,3,59,290,59,0,6600ft - 8200ft,11/ 7-4/10,2.9,14,108,34.3608341,-117.6333884,http://www.onthesnow.com/california/mountain-high/ski-resort.html
166,Mount Ashland,Ashland,OR,P.O. Box 220,97520,1,2,5,20,50,25,23,220,46,0,6350ft - 7500ft,12/13-4/10,2.9,5,300,42.1945758,-122.7094767,http://www.onthesnow.com/oregon/mount-ashland/ski-resort.html
167,Mount Bohemia,Michigan,MI,Lac La Belle,53066,0,0,0,1,88,11,102,585,59,59,600ft - 1500ft,12/27-5/ 3,3.9,2,273,44.3148443,-85.6023643,http://www.onthesnow.com/michigan/mount-bohemia/ski-resort.html
168,Mount Holiday Ski Area,Traverse,MI,3100 Holiday Road,49684,1,0,30,40,30,0,12,45,32,0,240ft - 440ft,1/ 6-3/15,2.9,4,120,47.2552019,-88.2642762,http://www.onthesnow.com/michigan/mount-holiday-ski-area/ski-resort.html
169,Mount Holly,Holly,MI,13536 South Dixie Highway,48442,1,0,30,50,20,0,19,100,N/A,N/A,755ft - 1105ft,11/25-3/15,3.2,13,42,42.7919727,-83.6277255,http://www.onthesnow.com/michigan/mount-holly/ski-resort.html
170,Mount Kato Ski Area,Mankato,MN,20461 Hwy 66,56001,1,4,21,42,37,0,19,55,41,0,300ft - 540ft,11/27-3/22,2.7,10,50,44.1635775,-93.9993996,http://www.onthesnow.com/minnesota/mount-kato-ski-area/ski-resort.html
171,Mount La Crosse,La Crosse,WI,P.O. Box 9,54602,1,1,30,20,40,10,19,100,30,11,593ft - 1110ft,12/26-3/15,2.9,4,40,43.8013556,-91.2395807,http://www.onthesnow.com/wisconsin/mount-la-crosse/ski-resort.html
172,Mount Peter Ski Area,Warwick,NY,Rte 17A & Old Mt Peter Rd,10990,1,1,43,21,21,14,14,69,49,25,750ft - 1250ft,1/ 6-3/29,3.1,5,50,41.256483,-74.3598755,http://www.onthesnow.com/new-york/mount-peter-ski-area/ski-resort.html
173,Mount Pleasant of Edinboro,Venango,PA, 23301 Plank Rd ,16403,1,0,22,56,22,0,10,40,38,0,1200ft - 1540ft,12/21-3/25,3.1,2,100,41.7725563,-80.1131125,http://www.onthesnow.com/pennsylvania/mount-pleasant-of-edinboro/ski-resort.html
174,Mount Shasta Board & Ski Park,McCloud,CA,4500 Ski Park,96067,0,3,20,55,25,0,32,425,54,12,5500ft - 6889ft,12/17-4/12,2.7,4,300,41.2557119,-122.1394487,http://www.onthesnow.com/california/mount-shasta-board-ski-park/ski-resort.html
175,Mount Snow,Somerset,VT,39 Mount Snow Road,05356,0,8,14,73,13,0,80,588,N/A,N/A,1900ft - 3600ft,11/26-4/19,3.4,20,166,42.9502858,-72.9862472,http://www.onthesnow.com/vermont/mount-snow/ski-resort.html
176,Mount Southington Ski Area,Southington,CT,P.O. Box 347,06489,1,2,43,43,14,0,14,51,56,14,100ft - 525ft,1/ 5-4/ 5,3,7,80,41.5964869,-72.8776013,http://www.onthesnow.com/connecticut/mount-southington-ski-area/ski-resort.html
177,Mount Sunapee,Newbury,NH,P.O. Box 2021 Route 103,03255,0,4,26,49,25,0,66,232,82,49,1232ft - 2742ft,11/27-4/19,2.9,10,100,43.3214646,-72.0359175,http://www.onthesnow.com/new-hampshire/mount-sunapee/ski-resort.html
178,Mt. Abram Ski Resort,Greenwood,ME,Howe Hill Road,04255,1,0,25,50,20,5,54,560,N/A,N/A,1050ft - 2250ft,12/ 5-4/12,3.1,5,125,44.3184011,-70.6508978,http://www.onthesnow.com/maine/mt-abram-ski-resort/ski-resort.html
179,Mt. Bachelor,Bend,OR,P.O. Box 1000,97702,0,5,15,25,35,25,88,3683,84,42,5700ft - 9064ft,11/21-5/30,3.4,12,462,44.0581728,-121.3153096,http://www.onthesnow.com/oregon/mt-bachelor/ski-resort.html
180,Mt. Baker,Bellingham,WA,1420 Iowa St.,98229,0,0,24,45,0,31,38,1000,58,25,3589ft - 5089ft,11/19-4/19,3.3,8,682,48.74908,-122.4781473,http://www.onthesnow.com/washington/mt-baker/ski-resort.html
181,Mt. Baldy,Mt Baldy ,CA,8401 Mt Baldy Rd,91759,0,0,20,40,20,20,26,400,69,29,6500ft - 8600ft,12/29-3/29,2.8,4,178,34.2363809,-117.6589752,http://www.onthesnow.com/california/mt-baldy/ski-resort.html
182,Mt. Brighton,Brighton,MI,4141 Bauer Road,48116,1,5,30,40,30,0,24,130,N/A,N/A,1100ft - 1330ft,1/ 1-3/22,2.9,12,60,42.5294773,-83.7802214,http://www.onthesnow.com/michigan/mount-brighton/ski-resort.html
183,Mt. Crescent Ski Area,Crescent,IA,P.O. Box 69,51526,1,1,18,45,27,9,11,50,39,5,1200ft - 1500ft,12/27-3/ 8,2.9,2,30,41.364996,-95.8580668,http://www.onthesnow.com/iowa/mt-crescent-ski-area/ski-resort.html
184,Mt. Hood Meadows,Mt Hood,OR,14040 Hwy 35,97041,1,6,15,50,20,15,85,2150,N/A,N/A,4522ft - 7300ft,11/21-5/ 1,3.2,14,430,45.5378947,-121.568408,http://www.onthesnow.com/oregon/mt-hood-meadows/ski-resort.html
185,Mt. Hood Ski Bowl,Government Camp,OR,PO Box 280,97028,1,0,20,40,40,0,65,960,53,0,3600ft - 5100ft,12/16-4/13,3.3,9,300,45.3040072,-121.7547998,http://www.onthesnow.com/oregon/mt-hood-ski-bowl/ski-resort.html
186,Mt. Jefferson,Lee,ME,P. O. Box 35,04455,0,0,33,34,33,0,10,12,N/A,N/A,351ft - 752ft,2/ 9-3/29,2.8,3,N/A,45.3600615,-68.2864076,http://www.onthesnow.com/maine/mt-jefferson/ski-resort.html
187,Mt. Rose ,Reno,NV,22222 Mt. Rose Hwy.,89511,0,3,20,30,40,10,60,1200,N/A,N/A,8260ft - 9700ft,11/ 4-4/19,3.3,8,300,39.5296329,-119.8138027,http://www.onthesnow.com/nevada/mt-rose-ski-tahoe/ski-resort.html
188,Mt. Spokane Ski and Snowboard Park,Mead,WA,29500 North Mt. Spokane Park Dr.,99021,1,3,23,32,45,0,47,1000,54,0,3818ft - 5889ft,12/11-3/29,3.1,5,300,47.7664789,-117.3552741,http://www.onthesnow.com/washington/mt-spokane-ski-and-snowboard-park/ski-resort.html
189,Mulligan's Hollow Ski Bowl,Grand,MI,Box 969,49417,1,0,25,25,25,25,6,10,16,12,570ft - 700ft,1/ 7-3/22,0,5,60,44.30646,-84.635667,http://www.onthesnow.com/michigan/mulligans-hollow-ski-bowl/ski-resort.html
190,Nashoba Valley,Westford,MA,PO Box 309,01886,1,2,24,47,29,0,17,52,54,42,200ft - 440ft,12/29-3/29,2.6,11,55,42.5792583,-71.4378411,http://www.onthesnow.com/massachusetts/nashoba-valley/ski-resort.html
191,New Hermon Mountain,Hermon,ME,441 Newburg Rd,04981,1,0,40,30,30,0,20,70,27,22,100ft - 450ft,12/26-3/29,2.6,3,90,44.81007,-68.9133724,http://www.onthesnow.com/maine/new-hermon-mountain/ski-resort.html
192,Nordic Mountain,Wild,WI,W5806 Cty Rd W,54984,1,3,28,28,33,11,18,60,44,0,872ft - 1137ft,11/28-3/22,2.9,7,80,43.7581544,-88.510769,http://www.onthesnow.com/wisconsin/nordic-mountain/ski-resort.html
193,Nordic Valley Resort,Eden,UT,3567 Nordic Valley Way,84310,1,0,30,40,30,0,22,88,39,25,5439ft - 6400ft,12/19-2/16,2.9,4,300,41.3007423,-111.8127212,http://www.onthesnow.com/utah/wolf-creek/ski-resort.html
194,Northstar California,Truckee,CA,PO Box 129,96160,0,7,16,47,37,0,100,3170,N/A,N/A,6329ft - 8610ft,11/14-4/17,3.6,20,350,39.327962,-120.1832533,http://www.onthesnow.com/california/northstar-california/ski-resort.html
195,Norway Mountain,Norway,MI,P.O. Box 95,49870,1,2,6,33,33,28,17,186,45,20,835ft - 1335ft,12/ 4-3/29,3,6,100,45.7869023,-87.9037364,http://www.onthesnow.com/michigan/norway-mountain/ski-resort.html
196,Nubs Nob Ski Area,Harbor,MI,500 Nub's Nob Road,49740,1,3,30,50,20,0,53,248,70,47,911ft - 1337ft,11/27-4/10,3,11,135,42.1342065,-83.4201553,http://www.onthesnow.com/michigan/nubs-nob-ski-area/ski-resort.html
197,Oak Mountain,Speculator,NY,141 Novosel Way,12164,1,1,45,27,18,9,22,46,38,0,1750ft - 2400ft,12/31-3/28,0,3,120,43.4972896,-74.3618105,http://www.onthesnow.com/new-york/oak-mountain/ski-resort.html
198,Ober Gatlinburg Ski Resort,Gatlinburg,TN,1001 Parkway,37738,0,1,20,60,20,0,10,N/A,65,0,2700ft - 3300ft,12/20-3/15,2.8,4,35,35.714259,-83.5101638,http://www.onthesnow.com/tennessee/ober-gatlinburg-ski-resort/ski-resort.html
199,Okemo Mountain Resort,Ludlow,VT,77 Okemo Ridge Road,05149,0,9,32,37,23,8,121,667,97,65,1143ft - 3343ft,11/24-4/27,3.8,20,200,43.3959056,-72.7006518,http://www.onthesnow.com/vermont/okemo-mountain-resort/ski-resort.html
200,Otis Ridge Ski Area,Otis,MA,159 Monterey Road - Route 23,01253,1,1,30,40,30,0,11,60,40,0,1300ft - 1700ft,12/12-3/29,3.1,4,70,42.1930224,-73.0919689,http://www.onthesnow.com/massachusetts/otis-ridge-ski-area/ski-resort.html
201,Pajarito Mountain Ski Area,Los Alamos,NM,P.O. Box 155,87544,0,2,20,50,30,0,44,280,N/A,N/A,9031ft - 10441ft,11/27-4/10,3.1,6,163,35.8800364,-106.3031138,http://www.onthesnow.com/new-mexico/pajarito-mountain-ski-area/ski-resort.html
202,Paoli Peaks,Paoli,IN,P.O. Box 67,47454,1,2,47,33,13,7,15,65,42,0,600ft - 900ft,1/ 4-3/13,3,8,18,38.5561663,-86.468321,http://www.onthesnow.com/indiana/paoli-peaks/ski-resort.html
203,Park City,Park City,UT,P.O. Box 39,84060,1,6,9,51,30,10,334,7300,N/A,N/A,6800ft - 10000ft,11/21-4/10,4.3,41,355,40.6460622,-111.4979729,http://www.onthesnow.com/utah/park-city-mountain-resort/ski-resort.html
204,Pats Peak,Henniker,NH,PO Box 2448,03242,1,3,50,21,11,18,28,115,66,0,690ft - 1460ft,12/26-3/27,3.1,11,100,43.1798323,-71.8222872,http://www.onthesnow.com/new-hampshire/pats-peak/ski-resort.html
205,Pebble Creek Ski Area,Inkom,ID,P.O. Box 370,83245,1,2,12,30,29,29,54,1100,43,3,6360ft - 8560ft,12/22-4/ 3,3.1,3,250,42.7963041,-112.2541374,http://www.onthesnow.com/idaho/pebble-creek-ski-area/ski-resort.html
206,Peek'n Peak,Findley,NY,P.O. Box 360,14736,1,4,30,45,15,10,27,110,57,0,1400ft - 1800ft,12/26-4/12,3.3,10,225,42.46928,-78.2830845,http://www.onthesnow.com/new-york/peekn-peak/ski-resort.html
207,Perfect North Slopes,Lawrenceburg,IN,19074 Perfect Lane,47025,1,0,20,50,20,10,23,120,47,35,400ft - 800ft,12/26-3/15,3.1,11,24,39.090891,-84.8499504,http://www.onthesnow.com/indiana/perfect-north-slopes/ski-resort.html
208,Pico Mountain ,Killington,VT,4763 Killington Road,05751,0,0,18,46,33,3,57,468,N/A,N/A,2000ft - 3966ft,1/ 2-4/ 3,3.5,7,250,43.6775677,-72.7798247,http://www.onthesnow.com/vermont/pico-mountain-at-killington/ski-resort.html
209,Pine Knob Ski Resort,Clartkston,MI,7778 Sashabaw Road,48348,0,3,20,20,40,20,14,80,N/A,N/A,1008ft - 1307ft,11/25-3/15,3.1,6,N/A,42.7351196,-83.4192941,http://www.onthesnow.com/michigan/pine-knob-ski-resort/ski-resort.html
210,Pine Mountain,Iron Mountain,MI,N3332 Pine Mountain Road,49801,1,3,20,55,25,0,27,160,42,15,1150ft - 1650ft,12/25-4/11,3.4,5,60,45.8202334,-88.0659603,http://www.onthesnow.com/michigan/pine-mountain/ski-resort.html
211,Plattekill Mountain,Roxbury,NY,469 Plattekill Mountain Road,12474,0,1,20,40,20,20,38,110,61,30,2400ft - 3500ft,1/ 1-4/17,2.9,4,175,42.3004166,-74.5547222,http://www.onthesnow.com/new-york/plattekill-mountain/ski-resort.html
212,Pomerelle Mountain Resort,Albion,ID,P.O. Box 158,83311,1,2,40,40,20,0,24,500,45,0,8000ft - 9000ft,11/26-3/29,2.8,3,500,42.4126885,-113.578063,http://www.onthesnow.com/idaho/pomerelle-mountain-resort/ski-resort.html
213,Powderhorn,Mesa,CO, 48338 Powderhorn Rd,81643,0,2,15,15,50,20,42,1600,69,34,8200ft - 9850ft,12/ 4-3/23,3.1,4,250,39.1662458,-108.1388881,http://www.onthesnow.com/colorado/powderhorn/ski-resort.html
214,Powder Mountain,Eden,UT,P.O. Box 450,84310,1,2,25,40,35,0,144,7000,69,0,6900ft - 9422ft,12/14-4/ 5,3.3,7,500,41.3007423,-111.8127212,http://www.onthesnow.com/utah/powder-mountain/ski-resort.html
215,Powder Ridge Park,Middlefield,CT,99 Powder Hill Road,06455,1,4,42,37,21,0,19,80,55,19,170ft - 720ft,1/ 8-3/28,0,5,80,41.5173203,-72.7120402,http://www.onthesnow.com/connecticut/powder-ridge-park/ski-resort.html
216,Powder Ridge Ski Area,Kimball,MN,P.O. Box 339,55353,1,4,40,40,20,0,15,60,N/A,N/A,500ft - 790ft,12/18-3/22,3.1,6,45,45.3125517,-94.2972055,http://www.onthesnow.com/minnesota/powder-ridge-ski-area/ski-resort.html
217,Purgatory,Durango,CO,#1 Skier Place,81301,0,5,20,45,30,5,91,1360,85,38,8793ft - 10822ft,11/21-4/10,3.8,9,260,37.27528,-107.8800667,http://www.onthesnow.com/colorado/durango-mountain-resort/ski-resort.html
218,Q Burke Mountain Resorts,East Burke,VT,P.O. Box 247,05832,0,1,14,42,34,10,50,270,64,0,1210ft - 3267ft,1/ 6-4/ 5,2.8,6,217,44.589071,-71.9404554,http://www.onthesnow.com/vermont/burke-mountain/ski-resort.html
219,Ragged Mountain Resort,Danbury,NH,620 Ragged Mountain Road,03230,0,3,23,30,39,7,56,240,79,45,1000ft - 2250ft,12/ 5-4/10,3,7,100,43.5256297,-71.8617481,http://www.onthesnow.com/new-hampshire/ragged-mountain-resort/ski-resort.html
220,Red Lodge Mountain,Red Lodge,MT,P.O. Box 750,59068,0,0,17,45,28,10,71,1600,N/A,N/A,7016ft - 9416ft,11/27-4/ 3,3.2,7,250,45.1857782,-109.2468211,http://www.onthesnow.com/montana/red-lodge-mountain/ski-resort.html
221,Red River Ski Area,Red River,NM,400 Pioneer Rd,87558,0,3,32,38,30,0,58,257,68,38,8750ft - 10350ft,11/25-3/20,3,7,218,36.7080849,-105.4061159,http://www.onthesnow.com/new-mexico/red-river/ski-resort.html
222,Roundtop Mountain Resort,Lewisberry,PA,925 Roundtop Rd.,17339,1,2,20,25,40,15,20,103,72,33,800ft - 1400ft,1/ 6-3/22,2.9,8,30,40.1350928,-76.8596945,http://www.onthesnow.com/pennsylvania/roundtop-mountain-resort/ski-resort.html
223,Royal Mountain Ski Area,Caroga,NY,3072 State Highway 10,12032,0,0,33,34,33,0,14,35,40,0,1250ft - 1800ft,1/ 1-4/19,3,3,90,43.1654468,-74.4760088,http://www.onthesnow.com/new-york/royal-mountain-ski-area/ski-resort.html
224,Saddleback Inc.,Rangeley,ME,P.O. Box 490,04970,0,2,35,30,25,10,66,440,69,0,2460ft - 4120ft,2/ 9-4/19,3.3,5,200,44.9656821,-70.6427102,http://www.onthesnow.com/maine/saddleback-inc/ski-resort.html
225,Sandia Peak,Albuquerque,NM,10 Tramway Loop N.E.,87122,0,1,31,46,23,0,39,200,55,30,8677ft - 10377ft,12/26-3/13,2.7,5,49,35.0853336,-106.6055534,http://www.onthesnow.com/new-mexico/sandia-peak/ski-resort.html
226,Sapphire Valley,Cashiers,NC,P.O. Box 2048,28717,1,1,0,0,0,0,2,8,36,20,3200ft - 3450ft,1/ 9-3/ 8,2.3,3,24,35.111906,-83.0996354,http://www.onthesnow.com/north-carolina/sapphire-valley/ski-resort.html
227,Schweitzer,Sandpoint,ID,"10,000 Schweitzer Mountain Road",83864,1,3,10,40,35,15,92,2900,73,40,4000ft - 6400ft,11/25-4/10,3.6,9,300,48.276577,-116.553465,http://www.onthesnow.com/idaho/schweitzer/ski-resort.html
228,Seven Oaks,Boone,IA,1086 222nd Drive,50036,1,2,25,50,25,0,11,35,N/A,N/A,800ft - 975ft,12/30-3/ 8,2.3,4,40,42.0597047,-93.8802273,http://www.onthesnow.com/iowa/seven-oaks/ski-resort.html
229,Seven Springs,Seven,PA,777 Waterwheel Drive,15622,1,7,36,42,18,3,33,285,65,0,2240ft - 2993ft,12/23-4/ 5,3,14,142,41.0199631,-75.1292185,http://www.onthesnow.com/pennsylvania/seven-springs/ski-resort.html
230,Shanty Creek Resorts ? Schuss Mountain,Bellaire,MI,One Shanty Creek Road,49615,1,5,24,24,51,0,41,70,64,40,675ft - 1125ft,12/21-3/22,3,6,180,44.9802822,-85.2111728,http://www.onthesnow.com/michigan/shanty-creek/ski-resort.html
231,Shanty Creek Resorts ? Summit Mountain,Bellaire,MI,5780 Shanty Creek Rd,49615,0,1,18,45,36,0,11,N/A,28,20,675ft - 1125ft,1/19-3/15,0,3,180,44.9802822,-85.2111728,http://www.onthesnow.com/michigan/shanty-creek-resorts-?-summit-mountain/ski-resort.html
232,Shawnee Mountain Ski Area,Shawnee,PA,P.O. Box 339,18356,1,2,26,48,26,0,23,125,60,35,650ft - 1350ft,12/26-3/27,3.1,10,50,41.0123174,-75.1107332,http://www.onthesnow.com/pennsylvania/shawnee-mountain-ski-area/ski-resort.html
233,Shawnee Peak,Bridgton,ME,119 Mountain Road,04009,1,2,25,45,20,10,43,239,N/A,N/A,600ft - 1900ft,12/12-4/ 5,2.9,5,110,44.0548021,-70.7128685,http://www.onthesnow.com/maine/shawnee-peak/ski-resort.html
234,Showdown Montana,Neihart,MT,P.O. Box 92,59465,0,1,28,44,28,0,36,640,43,0,6800ft - 8200ft,12/18-4/ 4,3.1,4,250,46.9332955,-110.7357707,http://www.onthesnow.com/montana/showdown-ski-area/ski-resort.html
235,Sierra-at-Tahoe,Twin Bridges,CA,1111 Sierra-at-Tahoe Road,95735,0,5,25,50,15,10,46,2000,93,29,6639ft - 8852ft,11/20-4/30,3.3,14,480,38.8113429,-120.1206208,http://www.onthesnow.com/california/sierra-at-tahoe/ski-resort.html
236,Silver Mountain,Kellogg,ID,610 Bunker Avenue,83837,1,3,20,40,30,10,80,1600,54,0,4100ft - 6300ft,12/18-3/29,3,7,300,47.5382565,-116.1193327,http://www.onthesnow.com/idaho/silver-mountain/ski-resort.html
237,Silverton Mountain,Silverton,CO,P.O. Box 856,81433,0,0,0,0,0,100,69,1819,49,49,10400ft - 13487ft,12/21-4/12,2.9,1,400,37.811941,-107.6645057,http://www.onthesnow.com/colorado/silverton-mountain/ski-resort.html
238,Sipapu Ski Resort,Vadito,NM,Null,87579,0,4,20,40,30,10,42,200,44,22,8200ft - 9254ft,11/20-4/12,3,6,190,36.1911366,-105.6708481,http://www.onthesnow.com/new-mexico/sipapu-ski-and-summer-resort/ski-resort.html
239,Ski Apache,Ruidoso,NM,Box 220,88312,0,3,18,55,27,0,55,750,68,35,9600ft - 11500ft,11/26-4/ 3,3.1,9,185,33.3672525,-105.6588485,http://www.onthesnow.com/new-mexico/ski-apache/ski-resort.html
240,Ski Big Bear,Lackawaxen,PA,HC1 BOX 1A 353,18435,1,1,33,28,33,6,18,26,57,0,600ft - 1250ft,12/26-4/ 5,2.7,6,69,41.482034,-74.9860016,http://www.onthesnow.com/pennsylvania/big-bear/ski-resort.html
241,Ski Brule,Iron Mountain,MI,397 Brule Mountain Road,49935,1,3,35,35,24,6,17,150,25,0,1360ft - 1860ft,11/22-4/20,4.5,11,150,45.8202334,-88.0659603,http://www.onthesnow.com/michigan/ski-brule/ski-resort.html
242,Ski Butternut,Great,MA,380 State Road - Route 23,01230,0,2,36,36,27,0,22,110,60,15,800ft - 1800ft,12/29-4/ 5,3,11,115,42.5294723,-71.443081,http://www.onthesnow.com/massachusetts/ski-butternut/ski-resort.html
243,Ski China Peak,Lakeshore,CA,P.O. Box 236,93634,0,3,11,28,33,28,45,450,75,23,7029ft - 8708ft,11/27-4/ 3,3.1,11,300,37.2530002,-119.1748429,http://www.onthesnow.com/california/ski-china-peak/ski-resort.html
244,Ski Cooper,Leadville,CO,P.O. Box 896,80461,0,2,28,36,36,0,39,400,48,0,10400ft - 11700ft,11/27-4/10,3.3,4,260,39.2508229,-106.2925238,http://www.onthesnow.com/colorado/ski-cooper/ski-resort.html
245,Ski Granby Ranch,Granby,CO,P.O. Box 1110,80446,1,6,36,40,24,0,40,406,64,0,8202ft - 9202ft,12/17-3/27,3.1,5,220,40.086097,-105.9394597,http://www.onthesnow.com/colorado/ski-granby-ranch/ski-resort.html
246,Ski Mystic at Deer Mountain,Lead,SD,11187 Deer Mountain Rd,57754,1,2,20,30,25,25,45,590,42,4,6039ft - 6850ft,12/25-3/22,2.7,4,200,44.3522065,-103.7651984,http://www.onthesnow.com/south-dakota/ski-mystic-at-deer-mountain/ski-resort.html
247,Ski Santa Fe,Santa Fe,NM,"2209 Brothers Road, Suite 220",87505,0,1,20,40,40,0,79,660,72,52,10350ft - 12075ft,11/26-4/ 3,3.1,7,225,35.6869752,-105.937799,http://www.onthesnow.com/new-mexico/ski-santa-fe/ski-resort.html
248,Ski Sawmill,Morris,PA,383 Oregon Hill Rd.,16938,1,1,35,25,40,0,14,15,37,20,1700ft - 2215ft,1/ 9-3/29,3.1,5,24,41.5950718,-77.2921988,http://www.onthesnow.com/pennsylvania/ski-sawmill/ski-resort.html
249,Ski Snowstar Winter Sports Park,Andalusia,IL,9500 126th St. West,61232,1,1,15,40,45,0,15,28,34,0,527ft - 790ft,1/ 2-3/15,2.9,6,38,41.4391986,-90.717641,http://www.onthesnow.com/illinois/ski-snowstar-winter-sports-park/ski-resort.html
250,Ski Sundown,New Hartford,CT,PO Box 208,06057,1,2,50,25,19,6,16,70,60,18,450ft - 1075ft,1/ 8-4/ 3,3.1,5,45,41.8793214,-72.9751693,http://www.onthesnow.com/connecticut/ski-sundown/ski-resort.html
251,Ski Ward,Shrewsbury,MA,1000 Main St,01545,1,1,30,50,20,0,11,45,45,10,210ft - 420ft,1/ 4-3/15,2.9,4,80,42.2959267,-71.7128471,http://www.onthesnow.com/massachusetts/ski-ward/ski-resort.html
252,Sleeping Giant Ski Resort,Cody,WY,348 Yellowstone Highway,82414,0,2,15,36,37,12,47,184,N/A,N/A,6600ft - 7400ft,12/26-3/ 8,3.3,3,300,44.5263422,-109.0565308,http://www.onthesnow.com/wyoming/sleeping-giant-ski-resort/ski-resort.html
253,Smugglers' Notch Resort,Smugglers Notch,VT,4323 Vermont Route 108 South,05464,0,6,19,50,25,6,78,1000,72,0,1030ft - 3639ft,11/27-4/17,3.6,8,322,44.554511,-72.7955525,http://www.onthesnow.com/vermont/smugglers-notch-resort/ski-resort.html
254,Snowbasin,Huntsville,UT,P.O. Box 460,84317,0,4,11,43,24,22,104,3000,99,0,6400ft - 9350ft,11/25-4/10,3.7,12,300,41.2607744,-111.7699379,http://www.onthesnow.com/utah/snowbasin/ski-resort.html
255,Snowbird,Snowbird,UT,P.O. Box 929000,84092,1,1,27,38,20,15,169,2500,N/A,N/A,7760ft - 11000ft,11/20-5/ 9,4.3,11,500,40.5818948,-111.6552024,http://www.onthesnow.com/utah/snowbird/ski-resort.html
256,Snow Creek,Weston,MO,P.O. Box 567,64098,1,2,22,39,39,0,12,30,N/A,N/A,800ft - 1100ft,1/ 2-3/13,2.6,5,20,39.4111092,-94.9016298,http://www.onthesnow.com/missouri/snow-creek/ski-resort.html
257,Snow King Resort,Jackson,WY,PO Box SKI,83001,1,2,15,25,20,40,32,400,47,0,6237ft - 7808ft,12/ 5-3/27,2.6,3,300,43.4799291,-110.7624282,http://www.onthesnow.com/wyoming/snow-king-resort/ski-resort.html
258,Snow Ridge,Turin,NY,PO Box 100 Route 26,13473,1,2,14,33,33,19,21,130,39,30,1350ft - 2000ft,1/ 1-4/ 3,2.9,6,230,43.6272915,-75.4112896,http://www.onthesnow.com/new-york/snow-ridge/ski-resort.html
259,Snowshoe Mountain Resort,Snowshoe,WV,P.O. Box 10,26209,1,5,36,33,19,3,57,251,N/A,N/A,3347ft - 4847ft,1/ 2-4/ 5,3.5,14,180,38.4132303,-79.9975177,http://www.onthesnow.com/west-virginia/snowshoe-mountain-resort/ski-resort.html
260,Snow Snake Mountain Ski Area,Harrison,MI,3407 E. Mannsiding Road,48625,1,2,30,50,20,0,12,40,27,0,1020ft - 1230ft,1/ 6-3/15,2.9,6,N/A,44.0191862,-84.7994675,http://www.onthesnow.com/michigan/snow-snake-mountain-ski-area/ski-resort.html
261,Snow Summit,Big Bear Lake,CA,P.O. Box 77,92315,1,3,19,54,19,8,26,240,N/A,N/A,7000ft - 8200ft,11/13-3/29,3.1,14,100,34.2438963,-116.9114215,http://www.onthesnow.com/california/snow-summit/ski-resort.html
262,Snow Trails,Mansfield,OH,P.O. Box 1456,44901,1,3,20,60,20,0,17,80,49,16,1173ft - 1475ft,1/ 7-3/23,2.9,9,50,40.75839,-82.5154471,http://www.onthesnow.com/ohio/snow-trails/ski-resort.html
263,Snow Valley,Running,CA,P.O. Box 2337,92382,1,6,14,46,32,7,28,240,66,25,6800ft - 7841ft,11/28-3/22,3,12,160,37.6071475,-120.9487852,http://www.onthesnow.com/california/snow-valley/ski-resort.html
264,Snowy Range Ski & Recreation Area,Centennial,WY,Po Box 247,82055,0,2,30,40,30,0,27,75,45,0,8797ft - 9662ft,11/27-4/ 3,3.1,5,250,41.2983055,-106.1416774,http://www.onthesnow.com/wyoming/snowy-range-ski-recreation-area/ski-resort.html
265,Soda Springs,Truckee,CA,P.O. Box 39,96160,0,0,23,31,46,0,13,200,69,39,6700ft - 7352ft,12/17-3/29,3,4,400,39.327962,-120.1832533,http://www.onthesnow.com/california/soda-springs/ski-resort.html
266,Soldier Mountain Ski Area,Fairfield,ID,P.O. Box 510,83327,0,2,20,50,10,20,36,1142,38,10,5800ft - 7200ft,12/18-3/15,2.4,3,N/A,43.3465675,-114.7917279,http://www.onthesnow.com/idaho/soldier-mountain-ski-area/ski-resort.html
267,Solitude Mountain Resort,Brighton,UT,12000 Big Cottonwood Canyon,84121,0,0,10,40,36,14,77,1200,79,0,7987ft - 10035ft,11/21-4/17,3.5,8,500,40.60384,-111.5821429,http://www.onthesnow.com/utah/solitude-mountain-resort/ski-resort.html
268,Song Mountain,Tully,NY,PO Box 149,13159,1,0,50,29,13,8,24,93,50,15,1240ft - 1940ft,12/24-4/19,2.8,5,125,42.7981229,-76.1093695,http://www.onthesnow.com/new-york/song-mountain/ski-resort.html
269,Spirit Mountain,Duluth,MN,9500 Spirit Mountain Place,55810,1,2,30,35,35,0,22,175,48,5,620ft - 1320ft,12/ 4-3/29,2.9,7,100,46.7866719,-92.1004852,http://www.onthesnow.com/minnesota/spirit-mountain/ski-resort.html
270,Spout Springs,Weston,OR,79327 Highway 204,97813,1,0,45,35,20,0,14,200,35,25,4850ft - 5500ft,1/ 3-3/22,3.1,4,118,45.813744,-118.424688,http://www.onthesnow.com/oregon/spout-springs/ski-resort.html
271,Spring Mountain Ski Area,Spring,PA,P.O. Box 276,19478,1,1,37,50,13,0,9,45,43,5,78ft - 527ft,1/ 6-3/15,2.8,6,20,41.796722,-80.3264521,http://www.onthesnow.com/pennsylvania/spring-mountain-ski-area/ski-resort.html
272,Squaw Valley ,Olympic Valley,CA,PO Box 2007,96146,1,5,9,38,53,0,197,6000,134,66,6200ft - 9050ft,11/12-5/ 2,3.9,42,450,39.1969804,-120.2357055,http://www.onthesnow.com/california/squaw-valley-usa/ski-resort.html
273,Steamboat,Steamboat SPrings,CO,2305 Mt. Werner Circle,80487,1,5,14,42,44,0,165,2965,99,57,6900ft - 10568ft,11/25-4/10,4.3,18,352,40.4849769,-106.8317158,http://www.onthesnow.com/colorado/steamboat/ski-resort.html
274,Stevens Pass Resort,Skykomish,WA,P.O. Box 98,98288,1,4,6,48,28,18,50,1125,69,0,4060ft - 5845ft,12/ 4-4/19,3.2,10,460,47.7092746,-121.3601014,http://www.onthesnow.com/washington/stevens-pass-resort/ski-resort.html
275,Stowe Mountain Resort,Stowe,VT,5781 Mountain Rd.,05672,0,0,16,55,29,14,115,485,N/A,N/A,2035ft - 4395ft,11/25-4/19,3.6,13,314,44.4654332,-72.6874023,http://www.onthesnow.com/vermont/stowe-mountain-resort/ski-resort.html
276,Stratton Mountain,Stratton,VT,RR #1 Box 145,05155,0,4,41,31,17,11,97,670,N/A,N/A,1872ft - 3875ft,11/28-4/13,3.7,11,180,43.0428562,-72.9109334,http://www.onthesnow.com/vermont/stratton-mountain/ski-resort.html
277,Sugar Bowl Resort,Norden,CA,P.O. Box 5,95724,1,3,17,45,26,12,103,1650,103,51,6883ft - 8383ft,11/20-4/10,3.4,13,500,39.3174625,-120.3296682,http://www.onthesnow.com/california/sugar-bowl-resort/ski-resort.html
278,Sugarbush,Warren,VT,1840 Sugarbush Access Road,05674,0,5,20,45,28,7,111,508,75,57,1482ft - 4083ft,11/26-4/10,3.4,16,262,44.112005,-72.8559474,http://www.onthesnow.com/vermont/sugarbush/ski-resort.html
279,Sugarloaf,Carrabassett,ME,5092 Access Road,04947,0,3,23,34,28,16,162,1230,86,59,1417ft - 4237ft,11/21-5/ 3,3.2,13,200,45.0778332,-70.2120112,http://www.onthesnow.com/maine/sugarloaf/ski-resort.html
280,Sugar Mountain Resort,Banner,NC,P.O. Box 369,28604,1,1,33,43,19,5,21,125,72,34,4100ft - 5300ft,11/15-3/29,2.8,8,77,35.3907897,-78.5433701,http://www.onthesnow.com/north-carolina/sugar-mountain-resort/ski-resort.html
281,Suicide Six,Woodstock,VT,14 The Green,05091,0,0,30,40,30,0,23,100,66,10,550ft - 1200ft,1/12-3/22,3.1,3,90,43.6242442,-72.5185112,http://www.onthesnow.com/vermont/suicide-six/ski-resort.html
282,Sunburst,Kewaskum,WI,8355 Prospect Drive,53040,1,4,15,46,31,8,13,37,N/A,N/A,866ft - 1100ft,11/28-3/22,2.8,9,50,43.5208302,-88.2289851,http://www.onthesnow.com/wisconsin/sunburst/ski-resort.html
283,Sundance,Sundance,UT,"RR #3, Box A-1",84604,0,1,35,45,20,0,45,450,65,21,6100ft - 8250ft,12/ 4-4/ 3,3.5,5,320,40.3934222,-111.5887709,http://www.onthesnow.com/utah/sundance/ski-resort.html
284,Sunday River,Newry,ME,PO Box 4500,04217,1,5,21,32,23,23,135,870,89,45,825ft - 3150ft,10/19-5/ 1,3.4,15,167,44.4884245,-70.7885765,http://www.onthesnow.com/maine/sunday-river/ski-resort.html
285,Sundown Mountain,Dubuque,IA,16991 Asbury Road,52002,1,2,30,60,0,10,21,55,44,0,583ft - 1058ft,12/25-3/22,2.7,6,45,42.5005583,-90.6645718,http://www.onthesnow.com/iowa/sundown-mountain/ski-resort.html
286,Sunlight Mountain Resort,Glenwood,CO,10901 County Road 117,81601,0,1,20,55,20,5,67,680,60,0,7885ft - 9895ft,12/ 4-4/ 3,3,3,250,41.0469437,-95.7425056,http://www.onthesnow.com/colorado/sunlight-mountain-resort/ski-resort.html
287,Sunrise Park Resort,Greer,AZ,P.O. Box 117,85927,1,2,40,40,20,0,65,800,66,39,9200ft - 11100ft,11/26-3/29,2.9,7,250,34.0095187,-109.4585456,http://www.onthesnow.com/arizona/sunrise-park-resort/ski-resort.html
288,Sun Valley,Sun Valley,ID,P.O. Box 10,83353,0,0,36,42,20,2,80,2054,N/A,N/A,5750ft - 9150ft,11/26-4/15,4.2,19,220,43.6971294,-114.3517172,http://www.onthesnow.com/idaho/sun-valley/ski-resort.html
289,Swain,Swain,NY,P.O. Box 44,14884,1,3,27,39,33,0,33,120,54,0,1320ft - 1970ft,1/ 7-4/ 2,3,5,130,42.4778443,-77.8533322,http://www.onthesnow.com/new-york/swain/ski-resort.html
290,Swiss Valley,Jones,MI,Route #1,49061,1,2,36,36,27,0,11,60,39,0,975ft - 1200ft,1/12-3/22,2.9,7,60,41.9042867,-85.7988714,http://www.onthesnow.com/michigan/swiss-valley/ski-resort.html
291,Tahoe Donner,Truckee,CA,11509 Northwoods Blvd.,96161,0,4,40,60,0,0,16,120,47,16,6750ft - 7350ft,12/11-4/10,2.7,5,400,39.327962,-120.1832533,http://www.onthesnow.com/california/tahoe-donner/ski-resort.html
292,Tamarack Resort,Tamarack,ID,PMB 3003,83615,0,3,17,45,38,0,42,1000,62,18,4900ft - 7700ft,12/11-3/27,3.7,6,300,44.9551656,-116.3856896,http://www.onthesnow.com/idaho/tamarack-resort/ski-resort.html
293,Taos Ski Valley,Taos,NM,P.O. Box 90,87525,0,2,15,17,32,36,112,1294,86,48,9206ft - 12481ft,11/26-4/ 3,4.1,15,305,36.4072485,-105.5730665,http://www.onthesnow.com/new-mexico/taos-ski-valley/ski-resort.html
294,Telluride,Telluride,CO,565 Mountain Village Blvd.,81435,0,4,16,30,54,0,147,2000,118,0,8725ft - 13150ft,11/25-4/ 3,4.4,18,309,37.9374939,-107.8122852,http://www.onthesnow.com/colorado/telluride/ski-resort.html
295,Terry Peak Ski Area,Lead,SD,P.O. Box 774,57754,0,1,20,50,15,15,29,450,53,0,5900ft - 7100ft,12/ 5-3/29,3,5,150,44.3522065,-103.7651984,http://www.onthesnow.com/south-dakota/terry-peak-ski-area/ski-resort.html
296,Teton Pass Ski Resort,Choteau,MT,PO Box 1354,59422,0,1,15,35,40,10,43,330,39,0,6189ft - 7200ft,12/18-3/21,3,3,250,47.8124531,-112.1836301,http://www.onthesnow.com/montana/teton-pass-ski-area/ski-resort.html
297,The Homestead,Glen,MI,1 Wood Ridge Road,49636,1,1,27,53,20,0,15,16,50,20,580ft - 900ft,1/ 2-3/ 6,2.6,5,150,42.5203052,-86.2275333,http://www.onthesnow.com/michigan/the-homestead/ski-resort.html
298,The Homestead Ski Area,Hot Springs,VA,PO Box 2000,24445,0,0,33,33,34,0,10,45,49,29,2500ft - 3200ft,1/ 9-3/29,2.7,5,50,37.9993993,-79.831587,http://www.onthesnow.com/virginia/the-homestead-ski-area/ski-resort.html
299,The Summit at Snoqualmie,Snoqualmie,WA,P.O. Box 1068,98068,1,2,17,37,37,10,112,1994,66,12,2640ft - 5420ft,12/11-5/ 5,2.8,25,429,47.5287132,-121.8253906,http://www.onthesnow.com/washington/the-summit-at-snoqualmie/ski-resort.html
300,Thunder Ridge,Patterson,NY,"Rt. #22, PO Box 627",12563,1,0,40,40,20,0,30,100,50,12,770ft - 1270ft,1/ 7-3/22,3,6,N/A,41.513264,-73.6048288,http://www.onthesnow.com/new-york/thunder-ridge/ski-resort.html
301,Timberline Four Seasons,Davis,WV,HC 70 Box 488,26260,1,1,34,32,14,20,39,100,N/A,N/A,3267ft - 4268ft,12/22-3/22,3.3,4,150,39.1287189,-79.4647739,http://www.onthesnow.com/west-virginia/timberline-four-seasons/ski-resort.html
302,Timberline Lodge,TImberline,OR,Mountain Services Office,97028,1,5,25,50,25,0,41,1415,70,26,6000ft - 8539ft,11/21-5/25,3.1,6,550,45.3140631,-121.7262328,http://www.onthesnow.com/oregon/timberline-lodge/ski-resort.html
303,Timber Ridge,Gobles,MI,07500 23 1/2 Street,49055,1,2,44,38,0,19,16,50,39,0,600ft - 850ft,1/ 4-3/15,3.1,8,N/A,42.3608691,-85.8794635,http://www.onthesnow.com/michigan/timber-ridge/ski-resort.html
304,Titus Mountain,Malone,NY,215 Johnson Rd.,12953,1,3,34,38,22,6,50,200,45,23,825ft - 2025ft,1/ 2-4/ 5,3,10,100,44.8486596,-74.2948983,http://www.onthesnow.com/new-york/titus-mountain/ski-resort.html
305,Toggenburg Mountain,Fabius,NY,P.O. Box 162,13063,1,2,33,33,34,0,21,85,50,15,1300ft - 2000ft,1/ 8-3/29,2.8,5,130,42.835067,-75.9860322,http://www.onthesnow.com/new-york/toggenburg-mountain/ski-resort.html
306,Treetops Resort,Gaylord,MI,3962 Wilkinson Road,49735,1,4,17,43,39,0,23,80,N/A,N/A,1120ft - 1345ft,12/11-3/27,2.8,5,175,45.0275126,-84.6747523,http://www.onthesnow.com/michigan/treetops-resort/ski-resort.html
307,Trollhaugen,Dresser,W,2232 100th Avenue,54009,1,3,26,39,35,0,24,86,N/A,N/A,920ft - 1200ft,12/17-3/28,2.6,8,50,45.3560738,-92.6335386,http://www.onthesnow.com/wisconsin/trollhaugen/ski-resort.html
308,Tussey Mountain,Boalsburg,PA,P.O. Box 885,16827,1,1,40,40,0,20,8,38,45,0,1230ft - 1750ft,1/ 7-3/29,2.9,5,41,40.7756184,-77.7924992,http://www.onthesnow.com/pennsylvania/tussey-mountain/ski-resort.html
309,Tuxedo Ridge at Sterling Forest,Tuxedo,NY,581 Route 17A,10987,1,0,14,28,42,16,12,35,60,0,785ft - 1185ft,4/30-4/30,2.9,4,36,41.2376671,-74.1944529,http://www.onthesnow.com/new-york/tuxedo-ridge-at-sterling-forest/ski-resort.html
310,Tyrol Basin,Mt.Horeb,WI,3487 Bohn Road,53572,1,5,23,33,40,4,18,32,48,0,860ft - 1160ft,11/28-3/29,3,5,41,43.008608,-89.7384562,http://www.onthesnow.com/wisconsin/tyrol-basin/ski-resort.html
311,Vail,Vail,CO,P.O. Box 7,81658,0,3,18,29,28,25,195,5289,N/A,N/A,8120ft - 11570ft,11/20-4/10,4.1,31,353,39.6402638,-106.3741955,http://www.onthesnow.com/colorado/vail/ski-resort.html
312,Villa Olivia,Bartlett,IL,1401 W. Lake St.,60103,1,1,40,40,10,10,7,15,39,16,320ft - 500ft,1/ 2-3/16,2.9,7,25,41.9950276,-88.1856301,http://www.onthesnow.com/illinois/villa-olivia/ski-resort.html
313,Wachusett Mountain Ski Area,Princeton,MA,499 Mountain Road,01541,1,2,19,62,19,0,26,112,N/A,N/A,1006ft - 2006ft,12/20-4/10,3.3,8,100,42.4487019,-71.877296,http://www.onthesnow.com/massachusetts/wachusett-mountain-ski-area/ski-resort.html
314,Welch Village,Welch,MN,Box 146,55089,1,1,31,50,15,4,50,125,54,44,700ft - 1060ft,11/27-3/21,3,10,45,44.5683003,-92.7385321,http://www.onthesnow.com/minnesota/welch-village/ski-resort.html
315,West Mountain,Glen,NY,59 West Mountain Rd.,12804,1,1,36,55,9,0,29,124,48,32,460ft - 1470ft,1/ 6-4/ 5,2.9,5,80,42.8942407,-74.3445781,http://www.onthesnow.com/new-york/west-mountain/ski-resort.html
316,Whaleback Mountain,Enfiled,NH,Enfield,03748,1,2,23,41,23,13,30,85,45,22,1100ft - 1800ft,1/10-3/29,3.1,3,110,43.640644,-72.143983,http://www.onthesnow.com/new-hampshire/whaleback-mountain/ski-resort.html
317,Whitecap Mountain,Upson,WI,9106 W County Road E,54565,0,1,33,33,22,12,43,400,45,17,1295ft - 1750ft,12/17-3/22,2.9,7,200,46.3689809,-90.4068069,http://www.onthesnow.com/wisconsin/whitecap-mountain/ski-resort.html
318,Whiteface Mountain Resort,Wilmington,NY,Whiteface Mountain Route 86,12997,0,5,20,42,38,0,80,288,92,58,1220ft - 4650ft,11/27-4/19,3.1,11,168,44.3886137,-73.8154356,http://www.onthesnow.com/new-york/whiteface-mountain-resort/ski-resort.html
319,Whitefish Mountain Resort,Whitefish,MT,P.O. Box 1400,59937,1,3,12,40,42,6,105,3000,73,31,4464ft - 6816ft,12/ 5-4/10,3.3,14,300,48.4106373,-114.3352652,http://www.onthesnow.com/montana/whitefish-mountain-resort/ski-resort.html
320,White Pass,White,WA,P.O. Box 3030,98937,1,2,20,60,20,0,45,1402,62,5,4500ft - 6550ft,11/28-4/26,3.3,8,350,47.044795,-122.8999092,http://www.onthesnow.com/washington/white-pass/ski-resort.html
321,White Pine Ski Area,Pinedale,WY,P.O. Box 1420,82941,0,0,28,32,40,0,25,370,N/A,N/A,8400ft - 9500ft,12/ 4-3/28,2,2,150,42.8678809,-109.8633501,http://www.onthesnow.com/wyoming/white-pine-ski-area/ski-resort.html
322,Whitetail Resort,Mercersburg,PA,13805 Blairs Valley Rd.,17236,1,2,32,45,0,23,25,120,77,0,865ft - 1800ft,1/ 7-3/27,3.2,9,40,39.8278698,-77.9033314,http://www.onthesnow.com/pennsylvania/whitetail-resort/ski-resort.html
323,Wildcat Mountain,Jackson,NH,P.O. Box R,03846,0,1,21,46,33,0,48,225,79,40,1950ft - 4062ft,11/25-5/ 1,3,5,200,44.1462613,-71.1850996,http://www.onthesnow.com/new-hampshire/wildcat-mountain/ski-resort.html
324,Willamette Pass,Eugene,OR,PO Box 5550,97405,1,2,21,45,10,24,29,555,49,30,5120ft - 6683ft,12/18-3/22,3.2,6,430,44.0520691,-123.0867536,http://www.onthesnow.com/oregon/willamette-pass/ski-resort.html
325,Willard Mountain,Greenwich,NY,PO Box 65,12834,1,0,30,40,30,0,14,50,40,36,910ft - 1415ft,1/ 7-4/ 5,2.8,5,80,43.0901395,-73.4992824,http://www.onthesnow.com/new-york/willard-mountain/ski-resort.html
326,Wilmot Mountain,Wilmot,WI,P.O. Box 177,53192,1,0,30,30,40,0,25,135,42,16,800ft - 1030ft,12/25-3/22,3,8,70,42.5130426,-88.1825133,http://www.onthesnow.com/wisconsin/wilmot-mountain/ski-resort.html
327,Windham Mountain,Windham,NY,P.O. Box 459,12496,1,6,30,43,16,11,54,285,82,47,1500ft - 3100ft,12/20-4/ 3,3.4,12,105,42.3073065,-74.2520875,http://www.onthesnow.com/new-york/windham-mountain/ski-resort.html
328,Wintergreen Resort,Wintergreen,VA,PO Box 706,22958,1,2,23,35,42,0,27,129,85,0,2512ft - 3514ft,1/ 7-3/22,3,5,34,37.8848619,-78.8994672,http://www.onthesnow.com/virginia/wintergreen-resort/ski-resort.html
329,Winter Park Resort,Winter,CO,P.O. Box 36,80482,0,8,24,38,34,5,153,3081,N/A,N/A,9000ft - 12060ft,11/18-4/26,4,25,354,45.7822532,-90.8425176,http://www.onthesnow.com/colorado/winter-park-resort/ski-resort.html
330,Winterplace Ski Resort,Flat,WV,PO Box 1,25841,1,2,37,40,23,0,27,90,68,0,2997ft - 3600ft,12/23-3/27,2.8,9,100,39.6166748,-79.6400736,http://www.onthesnow.com/west-virginia/winterplace-ski-resort/ski-resort.html
331,Wisp,McHenry,MD,296 Marsh Hill Road,21541,1,3,35,38,27,0,34,172,N/A,N/A,2415ft - 3115ft,12/26-3/22,3.5,12,100,39.5551943,-79.3437394,http://www.onthesnow.com/maryland/wisp/ski-resort.html
332,Wolf Creek Ski Area,Pagosa,CO,P.O. Box 2800,81147,0,0,20,35,25,20,77,1600,65,6,10300ft - 11904ft,10/31-4/ 3,3.4,8,430,37.2687933,-107.0098397,http://www.onthesnow.com/colorado/wolf-creek-ski-area/ski-resort.html
333,Wolf Ridge Ski Resort,Mars Hill,NC,578 Valey View Circle,28754,1,1,27,60,13,0,15,65,56,0,4000ft - 4700ft,12/23-3/15,3,4,65,35.8264981,-82.5492999,http://www.onthesnow.com/north-carolina/wolf-ridge-ski-resort/ski-resort.html
334,Woodbury Ski Area,Woodbury,CT,785 Washington Road,06798,1,2,25,25,25,25,12,50,44,17,430ft - 730ft,11/24-4/ 5,2.4,5,70,41.5445404,-73.2090025,http://www.onthesnow.com/connecticut/woodbury-ski-area/ski-resort.html
335,Woods Valley Ski Area,Westernville,NY,Box 215,13486,1,0,20,60,20,0,21,25,43,31,900ft - 1400ft,12/30-4/ 4,3,6,180,43.3056251,-75.3829503,http://www.onthesnow.com/new-york/woods-valley-ski-area/ski-resort.html
336,Yawgoo Valley,Slocum,RI,Box 41,02877,1,0,30,40,30,0,13,30,47,23.5,70ft - 315ft,1/ 2-3/22,2.4,4,40,41.5328737,-71.5147291,http://www.onthesnow.com/rhode-island/yawgoo-valley/ski-resort.html
